id,text_id,dialect,domain,distortion_score,dialect_text,standard_text,flaw_reason
50,717866,D2,Agriculture,27.5,जास्त उत्पादन शेणखतापासून मिळते कि रासायनिक खतापासून ? त्याची माहिती द्या,जास्त उत्पादन शेणखतापासून मिळते की रासायनिक खतापासून? त्याची माहिती द्या,Question syntax lost in standard text
52,724887,D1,Banking,24.929,संसद सदस्य स्थानीय क्षेत्र विकास योजनेतना खासदार आपल्या जिल्ह्याच्या विकासासाठी आपल्या निधितना पैशे लावतत,संसद सदस्य आणि खासदार आपल्या जिल्ह्याच्या विकासासाठी आपल्या निधिताचे पैसे लावत आहेत,Standard text retains dialect residue: ह्या
146,724661,D2,Agriculture,24.5,"तांदळाच्या जाती किती आहेत , नाशिक जिल्ह्यात सर्वात जास्त कोणत्या जातीच्या तांदळाचे उत्पादन घेतले जाते ?","तांदळाच्या किती जाती आहेत, नाशिक जिल्ह्यात कोणत्या जातीच्या तांदळाचे उत्पादन सर्वात जास्त घेतले जाते?",Standard text retains dialect residue: ह्या
388,710831,D1,Banking,21.423,फायनान्शियल मार्केटस असोसिएशन ब्रॉड बाँड मार्केटचा वर्गीकरण पाच वेगवेगळ्या बाँड मार्केट मध्ये करता,फायनान्शियल मार्केटस असोसिएशन ब्रॉड बाँड मार्केटचे वर्गीकरण पाच वेगवेगळ्या बाँड मार्केटमध्ये करते,Standard text retains dialect residue: असो
424,708055,D1,Agriculture,21.0,"शेतकऱ्यांच्या फायद्यासाठी प्रधानमंत्री कृषी सिंचाई योजना करण्यात आली आसा , असा पिंकीनं सांगल्यान",शेतकऱ्यांच्या फायद्यासाठी प्रधानमंत्री कृषी सिंचाई योजना करण्यात आली असे पिंकीने सांगितले,"Wrong language / Hindi leakage: \bकी\b, \bसिंचाई\b"
451,707794,D1,Banking,21.0,"बचत बँक , लोकांका बँकिंग सेवांमध्ये प्रवेश करण्यास प्रोत्साहित करण्यासाठी डिझाइन करण्यात आली आसा",बचत बँक लोकांच्या बँकिंग सेवांमध्ये प्रवेश करण्यास प्रोत्साहित करण्यासाठी डिझाइन करण्यात आली आहे.,"Wrong language / Hindi leakage: \bबचत\b, \bसे\b"
665,717454,D2,Agriculture,20.75,मुरमाड मातीत कोणते पीक चांगले येऊ शकते ? उत्पादन चांगले मिळण्यासाठी कोणते पीक घेतले पाहिजे ?,मुरमाड मातीत कोणते पीक चांगले येऊ शकते? उत्पादन चांगले मिळण्यासाठी कोणते पीक घेतले पाहिजे?,Question syntax lost in standard text
673,724867,D1,Banking,20.289,"पेमेंट , क्रेडिट , बचत , प्रेषण , विमा ह्येच्या सोबत वितरित केलेले वित्तीय सेवा अश्या सगळ्याकांच सेवा म्ह्णतत","पेमेंट, क्रेडिट, बचत, प्रेषण, विमा यांच्यासोबत वितरित केलेली वित्तीय सेवा या सर्वांसाठी सेवा म्हणून मानली जाते.","Wrong language / Hindi leakage: \bबचत\b, \bसे\b"
876,723742,D4,Banking,19.0,मले आर.टी.जी.एस करासाठी माया मित्राच्या बँकेची कोनची मायती जरुरी हाय ?,मला आर.टी.जी.एस करासाठी माया मित्राच्या बँकेची कोणती माहिती जरुरी आहे?,Standard text retains dialect residue: करास
969,719499,D4,Banking,19.0,अनेक वित्तीय सेवा कंपन्या त्यांच्या बचत उत्पादनांसाठी त्यांचा लोगो म्हणून पिगी बँकांचा वापर करतात,अनेक वित्तीय सेवा कंपन्या त्यांच्या बचत उत्पादनांसाठी त्यांचा लोगो म्हणून पिगी बँकांचा वापर करतात,"Wrong language / Hindi leakage: \bबचत\b, \bसे\b"
1080,723510,D4,Agriculture,18.5,कोनच्या शेतीच्या पद्धतीपायी जास्तीत जास्त उत्पादन घेता येईल ?,कोणाच्या शेतीच्या पद्धतीपायी जास्तीत जास्त उत्पादन घेता येईल?,Question syntax lost in standard text
1090,711154,D1,Agriculture,19.0,झाडांच्या मूनात कीड पडाप थामाउच्या खाती आणि किडीक मारूच्याखाती कसला किटकनाशक वापराचा ?,झाडांच्या मुळांमध्ये कीड नियंत्रण आणि किडीमारण्यासाठी कोणते कीटकनाशक वापरावे?,Question syntax lost in standard text
1130,717849,D2,Agriculture,19.357,अंडी देणारी कोंबडी व मांस देणारी कोंबडी यात कोणाला जास्त किंमत मिळू शकते ?,अंडी देणारी कोंबडी आणि मांस देणारी कोंबडी यात कोणाला जास्त किंमत मिळू शकते?,Question syntax lost in standard text
1166,716530,D2,Agriculture,19.0,मासेमारी चे प्रकार किती आणि कोणते आहे त्याबद्दल महिती द्या ?,मासेमारीचे प्रकार किती आणि कोणते आहेत याबद्दल माहिती द्या.,Question mark dropped in translation
1178,716216,D2,Agriculture,19.0,सर भारत विश्वामध्ये दुसरा सगळ्यात जास्त बटाटे उत्पादन करणारा देश आहे,सर भारत जगामध्ये सर्वाधिक बटाटे उत्पादन करणारा देश आहे.,Garbled/Incoherent structure: 'बटाटे'
1341,724224,D4,Banking,18.0,स्कॉलरशिप भेटासाठी मले खात खोलने गरजेचे हाय तर कुणाशी संपर्क करा लागन ?,स्कॉलरशिप मिळवण्यासाठी मला कोणाशी संपर्क साधावा लागेल?,Question syntax lost in standard text
1592,717387,D2,Agriculture,18.237,"जमिनीची सुपिकता वाढवण्यासाठी लेंडी खत , कोंबडी खत , गांडूळ खत , राखेचे खत यापैकी कोणते योग्य आहे ?","जमिनीची सुपीकता वाढवण्यासाठी लेंडी खत, कोंबडी खत, गांडूळ खत, राखेचे खत यापैकी कोणते योग्य आहे?",Question syntax lost in standard text
1763,715616,D2,Banking,18.0,"टार्गेट डेट फंड ला सेवानिवृत्तीसाठी , गुंतवणुकीला सोप्प करण्यासाठी डिझाईन केल गेल आहे","टार्गेट डेट फंड सेवानिवृत्तीसाठी, गुंतवणुकीला सोपे करण्यासाठी डिझाइन केले गेले आहे.","Wrong language / Hindi leakage: \bकी\b, \bसे\b"
1793,713503,D2,Agriculture,18.0,"पेरनीना टाईमले बजारमा बी बियानानी कमी पडाले नको , आशा परतेक जिल्हाना अधिकारीस्ले सरकारना आदेश शेतस","पर නිना वेळेनुसार बाजारात वस्तूंच्या किमती कमी पडू देऊ नका, कारण प्रत्येक जिल्ह्याचे अधिकारी सरकारचे आदेश ठेवतात.",Standard text retains dialect residue: ह्या
1805,714434,D2,Banking,17.933,माले पगार नई पन दर महिनाले बचतनी करता माले कोणतं खातं बँकमा उघडनं पडी ?,"मला पगार नाही पण दर महिन्याला बचत करायची आहे, मला कोणते खाते बँकेत उघडायचे आहे?",Question syntax lost in standard text
1856,724653,D2,Agriculture,17.889,"कुक्कुटपालन , दूधाचा व्यवसाय करताना शेळी व मेंढी पालनासाठी जागा , जमीन व इतर पात्रतेचे निकष कोणते ?","कुक्कुटपालन, दुधाचा व्यवसाय करताना शेळी व मेंढी पालनासाठी जागा, जमीन व इतर पात्रतेचे निकष कोणते?",Question syntax lost in standard text
1899,723914,D4,Banking,17.0,मले धंद्यासाठी कर्ज घ्याचे असल्यास कशा परकारे फारम भरा लागन ?,मला धंद्यासाठी कर्ज घ्यायचे असल्यास कोणते परवाने/फॉर्म भरावे लागतील?,Question syntax lost in standard text
1943,715097,D2,Agriculture,17.5,भारतात गांज्याच्या लागवडीला आणि उत्पादनाला इंडिया इंडस्ट्रियल हेम्प असोसिएशन प्रोत्साहन देते,भारतात कांज्याच्या लागवडीला आणि उत्पादनाला इंडिया इंडस्ट्रियल हेम्प असोसिएशन प्रोत्साहन देते,Standard text retains dialect residue: असो
1967,714404,D2,Agriculture,17.5,भारतमा आशाबी लोके शेतस ज्यास्ले सोच्छताच काय पण पेवानी पाणीना करता सुदीक लढाया लढन्या पडतीस,भारतामध्ये आशाबी लोक शेतस ज्यास्ले सोच्छताच काय पण पाण्याची मिळवण्यासाठी लढायला पडतीस,Standard text retains dialect residue: शेतस
2066,713571,D2,Agriculture,17.5,वावरेस्ना करता आखेल देशन्या योजनास्नं परमुख माहिती केंद्र कोठे शे ?,वावरेसाठी आखलेल्या देशाच्या योजनांची परमुख माहिती केंद्र कोठे आहे?,Question syntax lost in standard text
2083,724920,D1,Banking,17.375,"डिजिटल फायनान्शियल सर्व्हिसेस पेमेंट , क्रेडिट , बचत यासह डिजिटल चॅनेलद्वारा प्रवेश आणि वितरित केल्या जातत","डिजिटल फायनान्शियल सर्व्हिसेस पेमेंट, क्रेडिट, बचत यासह डिजिटल चॅनेलद्वारे प्रवेश आणि वितरण केले जात आहे.","Wrong language / Hindi leakage: \bबचत\b, \bसे\b"
2118,720336,D4,Agriculture,17.0,"भारतामध्ये तामिळनाडू , उत्तर प्रदेशमधील फारुखाबाद आणि गाझीपूर जिल्ह्यात चमेलीची लागवड केली जाते","भारतामध्ये तामिळनाडू, उत्तर प्रदेशमधील फारुखाबाद आणि गाझीपूर जिल्ह्यात चमेलीची लागवड केली जाते.",Standard text retains dialect residue: ह्या
2137,708947,D1,Banking,17.0,पोरांनो सांगा मागच्या दिवसांत मौद्रिक सुधारांसाठी कोणते उपाय केल्यानी ?,मागच्या दिवसांत मौद्रिक सुधारणांसाठी कोणते उपाय केले?,Question syntax lost in standard text
2219,714668,D2,Banking,17.0,खेडामझारल्या बाईसले नवा यवसाय सुरु कराना व्हयी ते त्यासले माहिती कोठे भेटी ?,"खेडामझारल्या बाईसले नवा व्यवसाय सुरू करायचा आहे, त्याची माहिती कोठे मिळेल?",Question syntax lost in standard text
2280,723664,D4,Banking,16.5,एक लाखाचे आर.टी.जी.एस करासाठी मले कितीक रुपये जास्तीचे लागतीनं ?,एक लाखाचे आर.टी.जी.एस करासाठी मला किती अतिरिक्त रुपये लागतील?,Standard text retains dialect residue: करास
2527,712116,D1,Banking,16.5,मी माझ्या खात्याच्या ऱ्हवलेल्या रकमेवर माका किती कर्ज मिळात ता सांगा ?,मी माझ्या खात्याच्या राहिलेल्या रकमेवर किती कर्ज मिळू शकते ते सांगा.,Question mark dropped in translation
2601,723772,D4,Banking,16.409,मले पैसा गुंतवाचा हाय तर मले याबाबतीची मायती कुनाकडून भेटन ?,मला पैसा गुंतवायचा आहे तर मला याबाबतीची माहिती कुणाकडून मिळेल?,Question syntax lost in standard text
2828,724732,D2,Agriculture,16.441,लाकडेस्ना कितला उपेग शेतस फर्निचर कागद घरेदारेस करता गनज लाकूड लागस म्हनीन झाडे लायीन झाडे जगाडाले जोयजे,"मला किती उपयोग आहे, शेतस फर्निचर कागद घरे दारेस करता अनेक लाकूड लागते म्हणून झाडे लावून झाडे जगाडावे लागतील.",Standard text retains dialect residue: शेतस
2849,717563,D2,Agriculture,16.429,टोमॅटो व मिरची एकत्रित लावल्यावर अळी व कीड नियंत्रणासाठी कोणत्या प्रकारचे औषध फवारावे ?,टोमॅटो आणि मिरची एकत्रित लावल्यावर अळी व कीड नियंत्रणासाठी कोणते औषध फवारवे?,Question syntax lost in standard text
2865,719186,D4,Agriculture,16.0,व्हीडी फॉलो आणि स्वयंसेवी पिके जमिनीतील कीड़े तयार करण्यास प्रोत्साहन देतात,व्हीडी फॉलो आणि स्वयंसेवी पिके जमिनीतील कीटक तयार करण्यास प्रोत्साहन देतात,"Wrong language / Hindi leakage: \bकी\b, \bसे\b"
2910,722122,D4,Agriculture,16.0,इंग्रजांनी भारतात चहाचा वापर वाढवण्यासाठी इंडियन टी असोसिएशनची स्थापना केली,इंग्रजांनी भारतात चहाचा वापर वाढवण्यासाठी इंडियन टी असोसिएशनची स्थापना केली,Standard text retains dialect residue: असो
3024,722888,D4,Agriculture,15.818,"अमेरिकेतून फिलिपाईन , चीन , जपान , मलेशियामार्गे भारतात पोहोचले आहे","अमेरिकेतून फिलिपाईन, चीन, जपान, मलेशियामार्गे भारतात पोहोचले आहे.",Standard text retains dialect residue: मले
3092,713534,D2,Banking,16.0,"वस्तूसना भाव कायम कमी जास्त व्हतंस , त्याकरता फायनान्स कराले सांगतस","वस्तूसना भाव कायम कमी जास्त बदलत, त्यासाठी फायनान्स सांगत आहे.",Garbled/Incoherent structure: 'सांगत आहे\.$'
3155,718296,D2,Banking,16.0,मला पंतप्रधान आवास योजनेचा लाभ घेण्यासाठी कोणते नियम पाळावे लागतील ?,मला पंतप्रधान आवास योजनेचा लाभ घेण्यासाठी कोणते नियम पाळावे लागतील?,Question syntax lost in standard text
3334,706724,D1,Banking,15.778,शेअर बाजाराक इक्विटी मार्केट किंवा शेअर मार्केट असोही म्हणतत,शेअर बाजार इक्विटी मार्केट किंवा शेअर मार्केट असोही म्हणत आहे,Standard text retains dialect residue: असो
3462,720239,D4,Agriculture,15.357,"जसे भात लावले जाते , बटाटे जमिनीत दाबले जातात , गव्हाच्या बिया विखुरल्या जातात","जसे भात लावला जातो, तसे बटाटे जमिनीत दाबले जातात आणि गव्हाच्या बिया विखुरल्या जातात.",Garbled/Incoherent structure: 'बटाटे'
3511,711152,D1,Agriculture,15.5,रोपाची पाना आनी कोवरी खाणाऱ्या किडीक मारूच्या खाती कसला किटकनाशक वापरावे ?,रोपाची पाने आणि कोवरी खाणाऱ्या किडींना मारण्यासाठी कोणाचे कीटकनाशक वापरावे?,Question syntax lost in standard text
3516,724253,D4,Banking,15.0,मी तीस वर्षाचा हाय तर मले सामाजिक योजनेचा लाभ भेटन का ?,मी तीस वर्षांचा आहे तर मला सामाजिक योजनेचा लाभ कधी मिळेल?,Question syntax lost in standard text
3540,723644,D4,Banking,15.0,यू.पी.आय न पैशाचं देणंघेणं करासाठी मले कोनते ॲप वापरा लागन ?,यू.पी.आयचे पैसे देणंघेणं करण्यासाठी मला कोणते ॲप वापरावे लागेल?,Question syntax lost in standard text
3710,717262,D2,Agriculture,15.409,झेंडूच्या फुलांची लागवड कधी करावी ? त्यासाठी कोणते बियाणे वापरावे ?,झेंडूच्या फुलांची लागवड कधी करावी? त्यासाठी कोणते बियाणे वापरावे?,Question syntax lost in standard text
3746,717719,D2,Agriculture,15.357,ऊसाला पाणी देण्यासाठी ठिबक सिंचन योग्य कि मोटर लावून पाणी देणे योग्य आहे ?,ऊसाला पाणी देण्यासाठी ठिबक सिंचन योग्य आहे की मोटर लावून पाणी देणे योग्य आहे?,Question syntax lost in standard text
3803,717925,D2,Agriculture,15.0,बंदिस्त बोकडपालन केल्यानंतर त्याला कोणते खाद्य द्यावे लागेल म्हणजे त्याचे वजन वाढेल ?,बंदिस्त बोकडपालन केल्यानंतर त्याला कोणते खाद्य द्यावे लागेल म्हणजे त्याचे वजन वाढेल?,Question syntax lost in standard text
3898,708020,D1,Banking,15.382,वित्त व्यवसाय म्हनजे नेमका काय ? त्याची व्याख्या काय आसा ? असे सगळे प्रश्न माझ्या मनात आसत,वित्त व्यवसाय म्हणजे नेमके काय? त्याची व्याख्या काय आहे? असे सगळे प्रश्न माझ्या मनात होते.,Standard text retains dialect residue: मना
3922,707558,D1,Agriculture,15.0,"टरबूज ताजो खाऊसाठी किंवा भाजी बनवूसाठी एक चांगलो पर्याय आसा , होय की नाय पश्या ?","टरबूज ताजे खाण्यासाठी किंवा भाजी बनवण्यासाठी एक चांगला पर्याय आहे, होय की नाही?",Question syntax lost in standard text
3958,711970,D1,Banking,15.0,निधी हस्तांतरण करताना पैसे एक्या जाग्यावरून दुसऱ्या जाग्यार पोचाक कितको वेळ लागतलो ?,निधी हस्तांतरण करताना पैसे एका ठिकाणाहून दुसऱ्या ठिकाणी पोहोचायला किती वेळ लागला?,Garbled translation: 'पोचाक' (delivery/reaching) mistranslated as 'दिसतात' (visible)
4069,708326,D1,Agriculture,15.0,तोंडली स्क्वैश सारखीच आसता आणि हिवाळ्यात तेची शेती केली जाता,बटाटे स्क्वैशसारखेच असतात आणि हिवाळ्यात त्यांची शेती केली जाते.,Garbled/Incoherent structure: 'बटाटे'
4083,724184,D4,Banking,14.5,समाज कल्याणचा स्कॉलरशिप फारम भरासाठी कुनाले भेटा लागन ?,समाज कल्याणचा स्कॉलरशिप फॉर्म भरण्यासाठी कोणाला भेटायला लागते?,Question syntax lost in standard text
4202,724808,D2,Agriculture,14.818,"शेतकरी कुंपण , घरे , कातरणे शेड आणि इतर सुविधा जसे की पाणी , खाद्य , वाहतूक आणि कीटक नियंत्रण प्रदान करतात","शेतकरी कुंपण, घरे, कातरणे शेड आणि इतर सुविधा जसे की पाणी, खाद्य, वाहतूक आणि कीटक नियंत्रण प्रदान करतात.","Wrong language / Hindi leakage: \bकी\b, \bखाद\b"
4232,717409,D2,Agriculture,14.5,शेती औजारे व त्यांच्या किंमतीविषयी माहिती कोठे मिळेल ?,शेती औजारे व त्यांच्या किंमतीविषयी माहिती कोठे मिळेल?,Question syntax lost in standard text
4246,708276,D1,Banking,15.0,गहाणखत फसवणूक केली तर प्रत्येक गुन्ह्यापाठी तीस वर्सापर्यात तुरुंगात रवाची शिक्षा आसा,गहाणखताची फसवणूक केली तर प्रत्येक गुन्ह्यासाठी तीस वर्षांपर्यंत तुरुंगात रवाची शिक्षा असेल.,Standard text retains dialect residue: ह्या
4348,709619,D1,Banking,14.909,यू.पी.आय चा नियंत्रण रिजर्व बॅन्क आणि इंडियन बॅन्क असोसिएशनच्या हातात असा,यू.पी.आय चे नियंत्रण रिझर्व्ह बँक आणि इंडियन बँक असोसिएशनच्या हातात आहे.,Standard text retains dialect residue: असो
4451,718459,D2,Banking,14.5,सामाजिक योजनेचा लाभ घेण्यासाठी कोणते ओळखपत्र लागते ?,सामाजिक योजनेचा लाभ घेण्यासाठी कोणते ओळखपत्र लागते?,Question syntax lost in standard text
4501,709815,D1,Agriculture,14.5,एक मान्सून पारंपारिक रूपात पावसाळ्यात ह्याच बदलांसोबत मोसमी उलटवणारी हवा हा,एक मान्सून पारंपारिक रूपात पावसाळ्यात ह्याच बदलांसोबत मोसमी उलटवणारी हवा आहे,Standard text retains dialect residue: ह्या
4692,722925,D4,Agriculture,14.0,संत्र्याच्या झाडाला द्रेंचींग करायची हाये तर मग कोनच बुरशीनाशक घेऊ ?,संत्र्याच्या झाडावर फवारणी करायची असेल तर मग कोणते बुरशीनाशक घेऊ?,Question syntax lost in standard text
4763,717792,D2,Agriculture,14.4,आंबे पिकवण्यासाठी व पोसण्यासाठी कोणते खत व रसायने वापरावीत ?,आंबे पिकवण्यासाठी आणि पोसण्यासाठी कोणते खत व रसायने वापरावीत?,Question syntax lost in standard text
4855,712265,D1,Banking,14.433,कर्ज फेडताना कर्ज ज्याच्या नावावर घेतला तोच माणूस लागता की दूसरो इलो तरी चलात ?,कर्ज फेडताना कर्ज ज्याच्या नावावर घेतला तोच माणूस लागतो की दुसरा इलो तरी चालतो?,Question syntax lost in standard text
4873,712080,D1,Banking,14.423,ऑनलाइन घेतला क्रेडिट कार्ड किंवा डेबिट कार्ड घराकडे पोचाक कितके दिस लागतत ?,ऑनलाइन घेतलेल्या क्रेडिट कार्ड किंवा डेबिट कार्ड घराकडे किती दिसतात?,Garbled translation: 'पोचाक' (delivery/reaching) mistranslated as 'दिसतात' (visible)
4955,718276,D2,Banking,14.0,अल्पमुदतीच्या ठेवींसाठी माझ्याकडे कोणते पर्याय उपलब्ध आहेत ?,अल्पमुदतीच्या ठेवींसाठी माझ्याकडे कोणते पर्याय उपलब्ध आहेत?,Question syntax lost in standard text
4969,708333,D1,Banking,14.0,"देणगेतसून रक्त , नायतर बदलूच्यासाठी अवयव अशे डॉक्टरी गरजे पुरे जावक शकतत",देणगेतसून रक्त नायतर बदलूच्यासाठी अवयव असे डॉक्टरी गरजेपुरते जावक शकतत,Standard text retains dialect residue: जावक
4974,719434,D4,Banking,14.0,आर्थिक विश्लेषक होण्यासाठी मला कोणते विषय माहित असणे आवश्यक आहे ?,आर्थिक विश्लेषक होण्यासाठी मला कोणते विषय माहित असणे आवश्यक आहे?,Question syntax lost in standard text
4999,711523,D1,Agriculture,14.0,चार गुंठे जागेत मी मिरची पेरलय किती कीटक नाशक ची फवारणी माका करूची लागात ?,"चार गुंठे जागेत मी मिरची पेरली, किती कीटकनाशकची फवारणी करायची लागात?",Standard text retains dialect residue: लागात
5061,719732,D4,Banking,14.0,प्रीतम तुम्ही तुमच्या बहिणीला पैसे पाठवण्यासाठी कोणते ऍप वापरता ?,प्रीतम तुम्ही तुमच्या बहिणीला पैसे पाठवण्यासाठी कोणते ॲप वापरता?,Question syntax lost in standard text
5067,722466,D4,Banking,14.0,भारतात थेट परकीय गुंतवणुकीद्वारे संपत्ती निर्मितीच्या अनेक संधी उपलब्ध होतील,भारतात थेट परकीय गुंतवणुकीद्वारे संपत्ती निर्मितीच्या अनेक संधी उपलब्ध होतील,"Wrong language / Hindi leakage: \bकी\b, \bहोती\b"
5158,712238,D1,Banking,14.0,जास्ती पैशे मिळतील असो सामाजिक योजना सांगा ?,जास्तीचे पैसे मिळतील असो तर सामाजिक योजना सांगा?,Question syntax lost in standard text
5243,713499,D2,Agriculture,14.0,"साकरू हाऊ गोड बटाटा शे , हिवायाना सिजनमा साकरुनं चांगलं उत्पन्न निंघस","चांगले बटाटे शेतीचे आहेत, या सिझनमध्ये चांगले उत्पन्न मिळते.",Garbled/Incoherent structure: 'बटाटे'
5260,707338,D1,Agriculture,14.0,"आमच्या जिल्ह्यात शीतगृह बांधत हत , आता आम्ही आमचा धान्य त्या गोदामात ठेवू शकतव","आमच्या जिल्ह्यात शीतगृह बांधत आहोत, आता आम्ही आमचे धान्य त्या गोदामात ठेवू शकतो.",Standard text retains dialect residue: ह्या
5263,707891,D1,Banking,14.0,माझ्या झिलाक मोठो आजार आसा आणि माझ्याकडे पैसे पण नाय आसत,माझ्या जिल्ह्यात मोठा आजार आहे आणि माझ्याकडे पैसे नाहीत,Standard text retains dialect residue: ह्या
5274,723861,D4,Banking,13.5,पैसे गुंतन्यासाठी मले ऑनलाईन फारम भरा लागन की ऑफलाईन ?,पैसे गुंतवण्यासाठी मला ऑनलाईन फॉर्म भरायला लागेल की ऑफलाईन?,Question syntax lost in standard text
5294,713264,D2,Banking,14.0,तुले कार्पोरेट फायनान्सनी माहिती कोठे भेटनी ?,तुला कॉर्पोरेट फायनान्सची माहिती कोठे मिळते?,Question syntax lost in standard text
5382,723790,D4,Banking,13.5,सामाजिक योजनेची मायती मले कोठून भेटनं ?,सामाजिक योजनेची माहिती मला कोठून मिळेल?,Question syntax lost in standard text
5482,711978,D1,Banking,13.923,कर्ज दिणारी ही संस्था किवा बँक किवा लेंडर ती इस्वासाची आसा मा ?,ही कर्ज देणारी संस्था बँक की लेंडर आहे?,Question syntax lost in standard text
5525,717062,D2,Banking,13.5,माझी बचत म्युच्युअल सेविंग्स बँकेत जमा करणे सुरक्षित आहे का,माझी बचत म्युच्युअल सेविंग्स बँकेत जमा करणे सुरक्षित आहे का,"Wrong language / Hindi leakage: \bबचत\b, \bसे\b"
5537,718055,D2,Banking,13.5,पीक विम्याचा लाभ मिळण्यासाठी मला कोणते नियम पूर्ण करावे लागतील ?,पीक विम्याचा लाभ मिळवण्यासाठी मला कोणते नियम पूर्ण करावे लागतील?,Question syntax lost in standard text
5579,714462,D2,Banking,13.5,रोजगारन्या नव्या संधीस्नी माहिती कोठे वाचले भेटतीन ?,रोजगाराच्या नवीन संधींची माहिती कोठे वाचली?,Question syntax lost in standard text
5581,709857,D1,Agriculture,13.786,"कोईमतूर मेंढी ची जात ही कोईमतूर जिल्ह्यातच गावता , ही जात लोकरीसाठी पाळली जाता",कोईमतूर जिल्ह्यातील मेंढीची जातच कोरिसाठी पाळली जाते,Standard text retains dialect residue: ह्या
5651,717612,D2,Agriculture,13.5,कमी पाण्यात जास्त उत्त्पन्न देणारे पीक कोणते ?,कमी पाण्यात जास्त उत्पन्न देणारे पीक कोणते?,Question syntax lost in standard text
5668,711230,D1,Agriculture,13.5,अम्याचा जास्त उत्पन्न होवचासाठी कसला खत वापरू ?,माझे जास्त उत्पन्न होण्यासाठी कोणते खत वापरावे?,Question syntax lost in standard text
5685,719404,D4,Banking,13.5,देशांमधील आयात आणि निर्यात केलेल्या वस्तूंच्या किमती कशा ठरवल्या जातात ?,देशांमधील आयात आणि निर्यात केलेल्या वस्तूंच्या किमती कशा ठरवल्या जातात?,Question syntax lost in standard text
5767,711279,D1,Agriculture,13.5,शेती साठी खयचो ट्रॅक्टर चांगलो अस्तलो ज्याने माजो फायदो जातलो ?,शेतीसाठी चांगला ट्रॅक्टर अस्तित्वात होता ज्याने जास्त फायदा झाला?,Question syntax lost in standard text
5776,711631,D1,Agriculture,13.5,अलीकडे विविध पीकांच्या काढणीसाठी खयाच्या यंत्राचो वापर करतत ?,अलीकडे विविध पीकांच्या काढणीसाठी खयाच्या यंत्राचा वापर करत आहेत का?,Standard text retains dialect residue: खय
5782,708873,D1,Banking,13.5,स्थिर विनिमय दरांनी वैश्विक निर्यातकांका नेहमी विकत घेऊक प्रेरीत केला,स्थिर विनिमय दरांनी वैश्विक निर्यातकांका नेहमी विकत घेऊक प्रेरित केला,Standard text retains dialect residue: घेऊक
5828,718347,D2,Banking,13.5,मॅच्युरिटी नंतर माझ्या खात्यावर पैसे पाठविले जातील ?,मॅच्युरिटी नंतर माझ्या खात्यावर पैसे पाठविले जातील?,Question syntax lost in standard text
5882,716007,D2,Agriculture,13.5,मी भारतातल्या बाकीच्या समुद्री खाद्य पदार्थांची यादी तयार केली आहे,मी भारतातील बाकीच्या समुद्री खाद्यपदार्थांची यादी तयार केली आहे,"Wrong language / Hindi leakage: \bकी\b, \bखाद\b"
5942,717704,D2,Agriculture,13.438,"चिकण मातीत मुळा , गाजर , रताळी व बटाटे या पिकांचे भरण पोषण होते का ?","चिकण मातीत मुळा, गाजर, रताळी व बटाटे या पिकांचे भरण पोषण होते का?",Garbled/Incoherent structure: 'बटाटे'
6003,723423,D4,Agriculture,13.0,संत्र्याचा बगीचा लावायचा रायल्यास कोनची जमीन योग्य राहीन ?,संत्र्याचा बगीचा लावला तर कोणाची जमीन योग्य राहील?,Question syntax lost in standard text
6008,717263,D2,Agriculture,13.4,बदामाच्या झाडाला कोणता कलम केल्यावर झाडाला चांगले फळ येईल ?,बदामाच्या झाडाला कोणते कलम केल्यावर झाडाला चांगले फळ मिळेल?,Question syntax lost in standard text
6087,723342,D4,Agriculture,13.0,मक्याले वाढ झाली पाहिजे म्हनून कोनचे खतं वापराले लागन ?,मक्याची वाढ झाली पाहिजे म्हणून कोणते खत वापरावे लागेल?,Question syntax lost in standard text
6116,717816,D2,Agriculture,13.0,चिंच व आंबा हि फळे तोडण्यासाठी बाजारात कोणते यंत्र उपलब्ध आहे ?,चिंच व आंबा फळे तोडण्यासाठी बाजारात कोणते यंत्र उपलब्ध आहे?,Question syntax lost in standard text
6330,719821,D4,Agriculture,13.0,जनावरांच्या खाद्यामध्ये कीटकांचा वापर पशुखाद्य म्हणून केला जातो,जनावरांच्या खाद्यामध्ये कीटकांचा वापर पशुखाद्य म्हणून केला जातो,"Wrong language / Hindi leakage: \bकी\b, \bखाद\b"
6371,714543,D2,Banking,13.0,पेंशनधारक जर परदेसमा राहत व्हयी ते त्याना हायातीना दाखला जमा कशा करवा ?,पेंशनधारक जर परदेसमा राहत असेल तर त्यांना हायातीना दाखला जमा कशा करावा?,Question syntax lost in standard text
6455,714359,D2,Agriculture,13.0,फवारा माराना मोठल्ला मशने ऑस्ट्रेलियामा सावठा शेतस,मोठले मशीन ऑस्ट्रेलियात सावठा शेतस फवारा माराना,Standard text retains dialect residue: शेतस
6514,712335,D1,Banking,13.0,सामाजिक क्षेत्रांतले योजना कोणा मार्फत दिले जातत ?,सामाजिक क्षेत्रातील योजना कोणा मार्फत दिल्या जातात?,Question syntax lost in standard text
6531,723017,D4,Agriculture,12.875,रासायनिक खतामंदी सर्वात चांगले रासायनिक खत कोनचे ?,रासायनिक खतामंदीपैकी सर्वात चांगले रासायनिक खत कोणते?,Question syntax lost in standard text
6537,722238,D4,Agriculture,12.875,"सुविधा शेतकरी कुंपण इतर सुविधा जसे की पाणी , खाद्य , वाहतूक आणि कीटक नियंत्रण करतात",सुविधा शेतकरी कुंपण इतर सुविधा जसे की पाणी खाद्य वाहतूक आणि कीटक नियंत्रण करतात,"Wrong language / Hindi leakage: \bकी\b, \bखाद\b"
6633,723067,D4,Agriculture,12.5,कोनच्या कोंबडीचं आंडे मायासाठी बेस राहीन ?,कोणाच्या कोंबडीचे अंडे मायेसाठी राहील?,Question syntax lost in standard text
6656,717470,D2,Agriculture,12.929,ठिबक सिंचनाचे किती प्रकार आहेत ? आपल्या जिल्ह्यात याचा उपयोग केला जातो का ?,ठिबक सिंचनाचे किती प्रकार आहेत? आपल्या जिल्ह्यात याचा उपयोग केला जातो का?,Standard text retains dialect residue: ह्या
6712,709103,D1,Agriculture,13.0,तणनाशक अवांच्छित वनस्पतींका नियंत्रणात आणूक वापरणारो पदार्थ हा,मी तणनाशक वापरून अवांछित वनस्पतींचे नियंत्रण करणार आहे हा पदार्थ आहे.,Garbled/Incoherent structure: 'हा पदार्थ आहे' | Garbled/Incoherent structure: 'करणार आहे हा'
6736,712255,D1,Banking,13.0,माका जरा ठेव आणि गुंतवणूकी बद्दल वायचं माहिती सांगशात ?,मला जरा ठेव आणि गुंतवणुकीबद्दल माहिती सांगता?,Question syntax lost in standard text
6797,717508,D2,Agriculture,12.5,शेतमालाच्या भावाविषयी मला माहिती कोठे मिळेल ?,शेतमालाच्या भावाविषयी मला माहिती कोठे मिळेल?,Question syntax lost in standard text
6838,707756,D1,Banking,13.0,"प्रकल्प उद्योजकता ह्यावर्षी पाच टक्क्यांन वाढली आसा , असा माका समजला",प्रकल्प उद्योजकता ह्यावर्षी पाच टक्क्यांनी वाढली असे मला समजले.,Standard text retains dialect residue: ह्या
6898,711234,D1,Agriculture,12.923,मिरचांका पाणी दिवचा आसा माका तर मी पाणी बायचा दिव काय तळ्याचा ?,मिर्चाचे पाणी दिव्याचा असा तर मी पाणी बायचा दिव काय तळ्याचा,Question mark dropped in translation
7016,714766,D2,Agriculture,12.5,मना मावसा गावले पान मझारला तंतूसपाईन दोरी आणि चटाया बनाडतस,मनाला मावसा गावले पान मझारला तंतूसपाईन दोरी आणि चटाया बनाडतस,Standard text retains dialect residue: मना
7132,711646,D1,Agriculture,12.5,सर्वात जास्ती चांगला दूध गाईचा की म्हशीचा असता ?,सर्वात चांगले दूध गाईचे की म्हशीचे असते?,Question syntax lost in standard text
7144,712287,D1,Banking,12.5,जर माझा बँक खाता नसात तर मीया वैयक्तिक कर्जाक पात्र आसय की नाय ?,जर माझे बँक खाते नसेल तर मी वैयक्तिक कर्जासाठी पात्र असेन की नाही?,Question syntax lost in standard text
7242,723519,D4,Agriculture,12.423,बगीच्यामंदी गवत वाढले हाये तर ते कापनं परवडन की फवारा मारनं परवडन ?,बगीच्या मंदीत गवत वाढले आहे तर ते कपाने परवडते की फवारा मारण्याला परवडते?,Question syntax lost in standard text
7274,713057,D2,Agriculture,12.5,कार्बनिक खाद्यना पिकेसमा रासायनिक खते नी कीटकनाशकसना वापर करतस नयी,कार्बनिक खाद्यपदार्थांच्या पिकांमध्ये रासायनिक खते आणि कीटकनाशके वापरता का?,"Wrong language / Hindi leakage: \bकी\b, \bखाद\b"
7319,715297,D2,Agriculture,12.5,"आपल्या देशामध्ये सगळे लोक शेतकऱ्यावर आधारित आहे , मग तो श्रीमंत असो किंवा गरीब","आपल्या देशामध्ये सर्व लोक शेतकऱ्यांवर आधारित आहेत, मग ते श्रीमंत असोत किंवा गरीब.",Standard text retains dialect residue: असो
7433,717861,D2,Agriculture,12.423,"तांबड्या मातीत गाजर , मुळा , बटाटा हि पिके घेऊ शकतो का ?","तांब्याच्या मातीत गाजर, मुळा आणि बटाटे पिकवू शकतो का?",Garbled/Incoherent structure: 'बटाटे'
7449,722937,D4,Agriculture,12.0,पराटीवरच्या माव्यासाठी कोनचे इलाज कराच पायजे ?,पाठदुखीसाठी कोणते उपचार करायचे आहेत?,Question syntax lost in standard text
7494,723906,D4,Banking,12.0,आर.टी.जी.एस करासाठी माय खात असनं जरुरीच हाय का ?,आर.टी.जी.एस. करासाठी ते आवश्यक आहे का?,Standard text retains dialect residue: करास
7616,712797,D2,Banking,12.0,मास्तर विलंब पेमेंटना नियम उदारण सकट सांगतस,"मास्टर, विलंब पेमेंटचे नियम आणि उदाहरणे पूर्णपणे सांगत आहे.",Garbled/Incoherent structure: 'सांगत आहे\.$'
7685,718104,D2,Banking,12.0,डिजिटल पद्धतीने पैसे पाठवण्याचे कोणते मार्ग आहेत ?,डिजिटल पद्धतीने पैसे पाठवण्याचे कोणते मार्ग आहेत?,Question syntax lost in standard text
7749,724298,D4,Agriculture,12.0,कोनच्या परकारच्या मातीत जास्त वल रायते ?,कोणाच्या गरजेच्या मातीत जास्त वाढ होते?,Question syntax lost in standard text
7772,717660,D2,Agriculture,12.0,टरबूजासाठी कोणते वातावरण चांगले आहे ?,टरबूजासाठी कोणते वातावरण चांगले आहे?,Question syntax lost in standard text
7799,717708,D2,Agriculture,12.0,कमी खर्चात ऊसाचे अधिक उत्पादन घेण्यासाठी कोणते खत वापरावे ?,कमी खर्चात ऊसाचे अधिक उत्पादन घेण्यासाठी कोणते खत वापरावे?,Question syntax lost in standard text
7821,720972,D4,Agriculture,12.0,ऍपिओलॉजी प्रत्येक पेपर शब्दात मनाची निरर्थकता दर्शविण्याचे कार्य करते,ऍपिओलॉजी प्रत्येक शब्दात मनाची निरर्थकता दर्शविण्याचे कार्य करते,Standard text retains dialect residue: मना
7846,711592,D1,Agriculture,12.0,कमी वेळात चांगली मशागत होऊच्यासाठी कसला साधन यवस्तित होया ?,कमी वेळेत चांगली व्यवस्था होण्यासाठी कोणते साधन योग्य असेल?,Question syntax lost in standard text
7922,717514,D2,Agriculture,12.0,शेतीमाल विकण्यासाठी कोणते ॲप व साईट आहेत ?,शेतीमाल विकण्यासाठी कोणते ॲप व साईट आहेत?,Question syntax lost in standard text
7925,717705,D2,Agriculture,12.0,भाजीपाला टवटवीत व लुसलुशीत येण्यासाठी कोणते खत वापरावे ?,भाजीपाला टवटवीत व लुसलुशीत होण्यासाठी कोणते खत वापरावे?,Question syntax lost in standard text
7976,718570,D2,Banking,12.0,इ.एम.आय भरण्यासाठी कोणते वेगवेगळे मार्ग आहेत ?,इ.एम.आय भरण्यासाठी कोणते वेगवेगळे मार्ग आहेत?,Question syntax lost in standard text
8077,710330,D1,Agriculture,12.0,फणसाक भाजी म्हणायची कि फळ म्हणायचा ह्यो संभ्रम प्रत्येकाच्या मनात असता,फणसाक भाजी म्हणायची की फळ म्हणायचे हे संभ्रम प्रत्येकाच्या मनात असते.,Standard text retains dialect residue: मना
8096,714514,D2,Agriculture,12.0,साकरु गोड बटाटा म्हनीनसनबी वयखास आणि खावाले भल्ता बडाईना लागस,साखर गोड बटाटे खास आणि खावाले चांगले लागतात.,Garbled/Incoherent structure: 'बटाटे'
8128,711707,D1,Agriculture,12.0,कीटक प्रतिरोधक खयच्या पसंतीचो इतिहास आसा ?,कीटक प्रतिरोधक खाद्य पसंतीचा इतिहास आहे का?,"Wrong language / Hindi leakage: \bकी\b, \bखाद\b"
8172,723437,D4,Agriculture,11.5,जास्त युरीया टाकल्याचे खराब परिनाम कोनचे ?,जास्त युरिया टाकल्याचे खराब परिणाम कोणते?,Question syntax lost in standard text
8239,708900,D1,Banking,12.0,कृषि अर्थशास्त्रात कृषिशी निगडीत कोणकोणते मुख्य विषय असत ?,कृषि अर्थशास्त्रात कृषिशी निगडीत कोणकोणते मुख्य विषय होते?,Question syntax lost in standard text
8249,714177,D2,Agriculture,11.938,जर आपली त्वचा तेलकट व्हयी तै गोड बटाटा ना उपेग आपला त्वचा नाकारता फायदेमंद व्हऊ शकस,"जर आपली त्वचा तेलकट असेल तर गोड बटाटे वापरू नका, आपला त्वचा नाकारल्याने फायदेशीर होईल.",Garbled/Incoherent structure: 'बटाटे'
8252,713314,D2,Banking,11.933,बेपारी आज मना बेपारमा पैसा लावा ना करता येतीन म्हनीसन मी आज कथाच जावाव नही,बेपारी आज मनावर पैसा लावणे न करता हे तीन गोष्टी मी आज जाणार नाही,Standard text retains dialect residue: मना
8262,723981,D4,Banking,11.5,आर.टी.जी.एस करासाठी कोंता फारम भरा लागन ?,आर.टी.जी.एस करासाठी फॉर्म भरायला लागते का?,Standard text retains dialect residue: करास
8295,722907,D4,Agriculture,11.5,कोनत्या मातीमंदी वल पकडून ठेवण्याची लई ताकद हाये ?,कोनत्या जमीन ताब्यात ठेवण्याची शक्ती लागते?,Question syntax lost in standard text
8322,723059,D4,Agriculture,11.5,हवामान खात्याच्या मायतीसाठी कोनचं ॲप वापराव ?,हवामानासाठी खात्याच्या मायतीसाठी कोणते ॲप वापरावे?,Question syntax lost in standard text
8338,709988,D1,Agriculture,12.0,बटाटे आणि जड पिकांच्या काढणीसाठी बागेचो काटो ह्या एक आदर्श साधन हा,बटाटे आणि जड पिकांच्या काढणीसाठी बागेत कापणे हे एक आदर्श साधन आहे.,Garbled/Incoherent structure: 'बटाटे'
8346,723335,D4,Agriculture,11.5,थ्या मातीत कोनचं बियानं वापरा लागन ?,मातीत कोणते बियाणे वापरावे लागते?,Question syntax lost in standard text
8424,721806,D4,Agriculture,11.5,स्वस्त विदेशी चहाने इंडियन टी असोसिएशनला विचार करायला भाग पाडले आहे,स्वस्त विदेशी चहाने इंडियन टी असोसिएशनला विचार करायला भाग पाडले आहे,Standard text retains dialect residue: असो
8474,714527,D2,Banking,11.5,सोताना व्यवसाय करनारले नफानीबरोबर तोटाबी व्हयी आशी मननी तयारी ठेवनीच पडस,"सोताना व्यवसाय केल्यावर नफानीबरोबर तोटाबी झाले, म्हणून ही तयारी मनात ठेवली पाहिजे.",Standard text retains dialect residue: मना
8557,711244,D1,Agriculture,11.5,खयच्या कारणांमुळे आम्याची झाडा होरपळतत आणि मगेन करपान जातत ?,खयच्या कारणांमुळे आमची झाड होरपळत आहे आणि मगेन करपान जात आहे का?,Standard text retains dialect residue: मगे
8585,718516,D2,Banking,11.5,मोबाईल रिचार्ज करण्यासाठी योग्य एप्लिकेशन कोणते आहे ?,मोबाईल रिचार्ज करण्यासाठी योग्य ॲप्लिकेशन कोणते आहे?,Question syntax lost in standard text
8626,712092,D1,Banking,11.5,भरलेल्या बिलाची डिटेल माका बघूक मेलटली की नाय ?,भरलेल्या बिलांची डिटेल मला बघायची की नाही?,Question syntax lost in standard text
8687,717346,D2,Agriculture,11.5,रब्बी हंगामात कोणते बियाणे वापरले पाहिजे ?,रब्बी हंगामात कोणते बियाणे वापरले पाहिजे?,Question syntax lost in standard text
8862,721355,D4,Banking,11.5,आपण शेवटच्या वेळी म्युच्युअल सेव्हिंग्ज बँकेकडून कर्ज कधी घेतले ?,आपण शेवटच्या वेळी म्युच्युअल सेव्हिंग्ज बँकेकडून कर्ज कधी घेतले?,Question syntax lost in standard text
8896,709109,D1,Agriculture,11.5,द्राक्षा मलेरियाच्या तापात फायदेशीर असतत,द्राक्षा मलेरियाच्या तापात फायदेशीर होते,Standard text retains dialect residue: मले
8943,723613,D4,Banking,11.375,के.वाय.सी करासाठी कोनची कोनची कागद जरुरी हाय ?,के.वाय.सी करासाठी कोणत्या कागदपत्रांची गरज आहे?,Standard text retains dialect residue: करास
8949,723514,D4,Agriculture,11.375,सेंद्रिय शेतीमंदी कोनकोनचे सेंद्रिय पदार्थ टाका लागतीन ?,सेंद्रिय शेतीमंदीसाठी कोणते सेंद्रिय पदार्थ घ्यावे लागतील?,Question syntax lost in standard text
8985,723148,D4,Agriculture,11.0,कोनच्या दुधाले भाव सगळ्यात जास्त रायते ?,कोणाच्या दुधाचे भाव सर्वात जास्त आहेत?,Question syntax lost in standard text
9157,709155,D1,Agriculture,11.5,भारताची कॉफी संपदा बघूक रूपच्या कॉलेजातना कर्नाटकात टूर गेली,भारताची कॉफी संपदा बघूक रूपच्या कॉलेजातना कर्नाटकात टूर गेली,Standard text retains dialect residue: बघूक
9173,714665,D2,Agriculture,11.318,"खेकडा , झिंगा , कोळंबी , वुडलाइस या क्रस्टेशियंससना प्रकार शेतसं","खेकडा, झिंगा, कोळंबी, वुडलाइस हे क्रस्टेशियंसचे प्रकार शेतसं",Standard text retains dialect residue: शेतस
9174,722991,D4,Agriculture,11.0,कोरडवाहू जमीनीत पऱ्हाटीचं कोनतं वान चांगलं रायीन ?,कोरडवाहू जमीनींमध्ये पऱ्हाटीचे कोणते भाग चांगले आहेत?,Question syntax lost in standard text
9178,711849,D1,Banking,11.429,जर ऑनलाइन रिचार्ज करून पैसे गेले आणि रिचार्ज जावक नाय तर काय करूचा ?,जर ऑनलाइन रिचार्ज करून पैसे गेले आणि रिचार्ज जावक नाही तर काय करावे?,Standard text retains dialect residue: जावक
9296,717336,D2,Agriculture,11.0,मी शेतीचे साहित्य घेण्यासाठी कोणते ॲप वापरु ?,मी शेतीचे साहित्य घेण्यासाठी कोणते ॲप वापरतो?,Question syntax lost in standard text
9308,718408,D2,Banking,11.0,मला कर्ज घेण्यासाठी कोणते नियम पूर्ण करावे लागतील ?,मला कर्ज घेण्यासाठी कोणते नियम पूर्ण करावे लागतील?,Question syntax lost in standard text
9323,718385,D2,Banking,11.0,अल्प मुदतीकरीता कर्ज देण्यासाठी कोणते पर्याय आहेत ?,अल्प मुदतीकरिता कर्ज देण्यासाठी कोणते पर्याय आहेत?,Question syntax lost in standard text
9368,717918,D2,Agriculture,11.0,मला बाजारपेठेविषयी माहिती कोठे मिळेल ?,मला बाजारपेठेविषयी माहिती कोठे मिळेल?,Question syntax lost in standard text
9380,717756,D2,Agriculture,11.0,दररोजचे बाजार भाव समजण्यासाठी कोणते मोबाईल ॲप वापरावे ?,दररोजचे बाजारभाव समजण्यासाठी कोणते मोबाईल ॲप वापरावे?,Question syntax lost in standard text
9383,717455,D2,Agriculture,11.0,पांढऱ्या मातीत कोणकोणते पीक चांगले येईल ?,पांढऱ्या मातीत कोणकोणते पीक चांगले येईल?,Question syntax lost in standard text
9424,711647,D1,Agriculture,11.0,पशुसंवर्धनाच्याबाबतीत शेतकऱ्यांका कसले सवलती मिळतत ?,पशुसंवर्धनाच्या बाबतीत शेतकऱ्यांना कसली सवलती मिळत आहेत?,Question syntax lost in standard text
9631,709824,D1,Banking,11.0,"ऑनलाइन तुका भले चांगले पैशे मिळतील , तुझ्या झिलाचो इलाज पण होऊन जायत","ऑनलाइन तुला चांगले पैसे मिळतील, तुझ्या जिल्ह्यात इलाज पण होत आहे.",Standard text retains dialect residue: ह्या
9798,723161,D4,Agriculture,10.5,जास्त आवक देणनरं सोयाबीन बियानं कोनचं ?,जास्त आवक देणनरं सोयाबीन बियाणं कोणते?,Question syntax lost in standard text
9885,723333,D4,Agriculture,10.5,थ्या मातीत खतं कोनचे वापरा लागन ?,मातीत कोणते खत वापरावे लागेल?,Question syntax lost in standard text
9915,724201,D4,Banking,10.5,आर.टी.जी.एस करासाठी आय.एफ.एस.सी कोड असनं जरुरीच हाय का ?,आरटीजीएस करासाठी आयएफएससी कोड आवश्यक आहे का?,Standard text retains dialect residue: करास
9939,722981,D4,Agriculture,10.5,नोव्हेंबर अन डिसेंबर मइन्यामंधी कोण कोनचं पीक घेतलं जाते ?,नोव्हेंबर आणि डिसेंबरमध्ये कोणते पीक घेतले जाते?,Question syntax lost in standard text
9969,723419,D4,Agriculture,10.5,कोरडवाहू शेतीत पराटीचं चांगलं उत्पादन देनारी जात कोनची ?,कोरडवाहू शेतीत पराटीचे चांगले उत्पादन कोठे जाते?,Question syntax lost in standard text
9998,717384,D2,Agriculture,10.5,शेवगा वाढीसाठी कोणते माध्यम वापरु शकतो ?,शेवगा वाढीसाठी कोणते माध्यम वापरू शकतो?,Question syntax lost in standard text
10001,717308,D2,Agriculture,10.5,ऊसाची तोडणी करण्यासाठी कोणते साधन वापरायला हवे ?,ऊसाची तोडणी करण्यासाठी कोणते साधन वापरायला हवे?,Question syntax lost in standard text
10030,708534,D1,Agriculture,10.9,सगळ्या प्रकारची पाळीव जनावरां आपल्या खयल्या ना खयल्या उपेगाची आसततच,सर्व प्रकारच्या पाळीव प्राण्यांची तुमच्या खयल्याची गरज असते.,Standard text retains dialect residue: खयल्या
10109,717544,D2,Agriculture,10.5,गव्हाच्या लावणीसाठी चांगले बियाणे कोणते ?,गव्हाच्या लावणीसाठी चांगले बियाणे कोणते?,Question syntax lost in standard text
10184,717359,D2,Agriculture,10.5,मुरमाड मातीत कोणकोणते पीक घेतले पाहिजे ?,मुरमाड मातीत कोणकोणते पीक घेतले पाहिजे?,Question syntax lost in standard text
10197,718749,D4,Banking,10.5,ए.टी.एम कार्डच्या साह्याने कॅशशिवायही शॉपिंग करता येते,एटीएम कार्डच्या साह्याने कॅशशिवायही शॉपिंग करता येते.,Standard text retains dialect residue: ह्या
10203,719686,D4,Agriculture,10.5,"मुलांनो , भारतातील क्रस्टेशियन उत्पादनाचा आकडा सांगा ?","मुलांनो, भारतातील ख्रिश्चन उत्पादनाचा आकडा सांगा?",Question syntax lost in standard text
10217,714594,D2,Banking,10.5,उसना लेयेल पैसा मोबाईल वापर करीन देना व्हतीन ते कोणतं ॲप डाऊनलोड करवा ?,मला पैसे देऊन मोबाईल वापरून कोणते ॲप डाउनलोड करावे?,Question syntax lost in standard text
10322,714720,D2,Banking,10.5,टैरिफ टॅक्स धाकल्ला उद्योगधंदा करता फायदा ना का तोटाना ?,टैरिफ टॅक्स अंतर्गत उद्योगधंदा केल्याने फायदा की तोटा होतो?,Question syntax lost in standard text
10384,712455,D1,Banking,10.5,माका कर्जाची माहिती कोणाकडसून भेटात ?,मला कर्जाची माहिती कोणाकडून मिळेल?,Question syntax lost in standard text
10399,711797,D1,Agriculture,10.5,हवामानातल्या खयच्या बदलांचो शेतीवर परिणाम होता ?,हवामानातील बदलांचा शेतीवर परिणाम होता?,Question syntax lost in standard text
10417,712513,D1,Banking,10.5,निधी हस्तांतरण करताना खयच्या गोष्टींची फेरतपासणी करायची ?,निधी हस्तांतरण करताना खयच्या गोष्टींची फेरतपासणी करायची?,Question syntax lost in standard text
10506,723312,D4,Agriculture,10.4,म्हशीचं दूध कमी झालं त कोनाले सांगू कोनाले विचारू ?,म्हशीचे दूध कमी झाले तर कोणाला सांगायचे आणि कोणाला विचारायचे?,Question syntax lost in standard text
10508,718635,D2,Agriculture,10.5,नाशवंत पदार्थ बाजारात विकण्याचे कोणते उपाय अधिक चांगले आहेत ?,नाशवंत पदार्थ बाजारात विकण्याचे कोणते उपाय अधिक चांगले आहेत?,Question syntax lost in standard text
10519,710566,D1,Banking,10.5,इलेक्ट्रॉनिक ट्रांसफरमुळा मोहन आपल्या झिलाक सहज पैशे पाठव शकता,मोहन इलेक्ट्रॉनिक ट्रान्सफरने आपल्या जिल्ह्यात सहज पैसे पाठवू शकतो.,Standard text retains dialect residue: ह्या
10541,714340,D2,Agriculture,10.5,पीचनं फय चवले बढाईनं ते शे पन नाना परकारना जीवनसत्वबी त्यानामा शेतस,पीचनं फय चवले बढाईनं ते शेपन नाना परकारना जीवनसत्त्वबी त्यानामा शेतस,Standard text retains dialect residue: शेतस
10551,723834,D4,Banking,10.0,कर्ज परत करासाठी मले हर मइन्याची एक तारीख ठरुता येईन का ?,कर्ज परत करासाठी मला एक तारीख कधी मिळेल का?,Standard text retains dialect residue: करास
10584,723450,D4,Agriculture,10.0,वांग्याच्या शेंडेअळीवर कोनचं औषध कामाचं ठरन ?,वांग्याच्या शेंडेअळीवर कोणते औषध उपयुक्त आहे हे ठरवा?,Question syntax lost in standard text
10657,708239,D1,Agriculture,10.5,"काळो डोळो असणारी बिया चवळीची असतत , मटार नसतत","काळोडो डोळो असणाऱ्या बिया चवळीच्या असत, बटाटे नसतात.",Garbled/Incoherent structure: 'बटाटे'
10668,723984,D4,Banking,10.0,आर.टी.जी.एस करासाठी चेक जरुरीचा हाय काय ?,आर.टी.जी.एस करासाठी चेक आवश्यक आहे का?,Standard text retains dialect residue: करास
10686,723207,D4,Agriculture,10.0,कोनच्या जमिनीवर गारपीट जास्त व्हते ?,कोणाच्या जमिनीवर गारपीट जास्त होते?,Question syntax lost in standard text
10688,717803,D2,Agriculture,10.4,ऊसासाठी ठिबक सिंचन कि तुषार सिंचन पद्धत योग्य आहे ?,ऊसासाठी ठिबक सिंचन की तुषार सिंचन पद्धत योग्य आहे?,Question syntax lost in standard text
10763,715728,D2,Banking,10.265,"परस्पर बचत बँक किरकोळ सेवा , चेकिंग आणि बचत उत्पादन , गृह कर्ज आणि ऑटो कर्ज देते","परस्पर बचत बँक किरकोळ सेवा, चेकिंग आणि बचत उत्पादन, गृह कर्ज आणि ऑटो कर्ज देते","Wrong language / Hindi leakage: \bबचत\b, \bसे\b"
10825,711597,D1,Agriculture,10.357,लाल मातीयेक लाल माती कशाक म्हणतत ?,लाल माती कशाबद्दल बोलते?,Question syntax lost in standard text
10909,708695,D1,Agriculture,10.0,सुखो दुष्काक पडुचा मोठा कारण जंगलतोड सांगतत,"मोठा कारण दुष्काक पडला, जंगलतोड सांगत आहे.",Garbled/Incoherent structure: 'सांगत आहे\.$'
10932,720487,D4,Banking,10.0,माझ्या काकाने ब्रोकर सोबत एक मर्जीन खाता उघडले आहे,माझ्या काकांनी ब्रोकरसोबत एक मर्जिन खाते उघडले आहे.,Standard text retains dialect residue: करस
10954,712279,D1,Banking,10.0,निधी हस्तांतरण कोणाच्या मार्फत केला जाता ?,निधी हस्तांतरण कोणाच्या मार्फत केला जातो?,Question syntax lost in standard text
10997,713376,D2,Agriculture,10.0,मन्हा मनमा एकदम दोन तीन पिके लेव्हाना ईचार चालू शे,मन्हा मनामध्ये एकदम दोन तीन पिके असताना काम चालू आहे.,Standard text retains dialect residue: मना
11018,718375,D2,Banking,10.0,कर्जाच्या हफ्त्याच्या रक्कमेबाबत मला कोण सांगू शकेल ?,कर्जाच्या हफ्त्याच्या रकमेबाबत मला कोण सांगू शकेल?,Question syntax lost in standard text
11021,717853,D2,Agriculture,10.0,मशरुमचे आयुष्य वाढवण्यासाठी कोणते उपाय करावेत ?,मशरूमचे आयुष्य वाढवण्यासाठी कोणते उपाय करावेत?,Question syntax lost in standard text
11038,711556,D1,Agriculture,10.0,शेती करुक कसली जमीन सगळ्यात जास्त बरी असता ?,शेतीसाठी कसली जमीन सगळ्यात जास्त चांगली असते?,Question syntax lost in standard text
11117,715838,D2,Banking,10.0,बचत खात्याला इंग्रजीमध्ये सेविंग अकाउंट म्हटलं जातं,बचत खात्याला इंग्रजीमध्ये सेव्हिंग अकाउंट म्हटले जाते.,"Wrong language / Hindi leakage: \bबचत\b, \bसे\b"
11207,717926,D2,Agriculture,10.0,बोकडाची किंमत किलोग्रॅम प्रमाणे ठरते कि वयाप्रमाणे ?,बोकडाची किंमत किलोग्रॅम प्रमाणे ठरते की वयाप्रमाणे?,Question syntax lost in standard text
11232,723417,D4,Agriculture,9.9,मध्यम जमीनीत पराटीचं वान निवडतानी कोनचं वान निवडाले पायजे ?,मध्यम जमिनीवर पराटीचे रोप निवडताना कोणते रोप निवडले?,Question syntax lost in standard text
11274,723229,D4,Agriculture,9.5,कोनचे ट्रॅक्टर शेतीसाठी चांगले हाये ?,कोणते ट्रॅक्टर शेतीसाठी चांगले आहेत?,Question syntax lost in standard text
11316,723577,D4,Agriculture,9.5,बंदीस्त शेळी पालनाची मायती कुठून मिळू सकन ?,बंदीस्त शेळी पालनाची माहिती कुठून मिळू शकेल?,Question syntax lost in standard text
11317,708160,D1,Banking,10.0,अटल पेन्शन योजनेअंतर्गत आता ग्राहकांका करसवलत सुद्दा मिळू शकतली,अटल पेन्शन योजनेअंतर्गत आता ग्राहकांना करसुविधा मिळू शकते.,Standard text retains dialect residue: करस
11382,723283,D4,Agriculture,9.5,संत्र्याच्या झाडामंदी कोनचे रोटावेटर करावे ?,संत्र्याच्या झाडामंदी कोणते रोटावेटर करावे?,Question syntax lost in standard text
11385,723104,D4,Agriculture,9.5,पराटीचे पानं डोन्यासारखे काऊन होते ?,पराटीची पाने खालच्यासारखी कशा होतात?,Question syntax lost in standard text
11388,723199,D4,Agriculture,9.5,जमीन नांगराले कोनचं अवजार वापरा लागन ?,जमिनीसाठी कोणते अवजारे वापरावे लागतील?,Question syntax lost in standard text
11402,715688,D2,Banking,10.0,दिव्यांग विम्या ची सुरुवात केव्हा झाली होती ?,दिव्यांग विम्याची सुरुवात कधी झाली होती?,Question syntax lost in standard text
11418,723474,D4,Agriculture,9.5,सगळ्याइसाठी शेततळे ह्या योजनेची सुरुवात कवा झाली ?,सर्वांसाठी ह्या योजनेची सुरुवात कधी झाली?,Question syntax lost in standard text
11469,723179,D4,Agriculture,9.5,जमिनीची उपज टिकून ठेवासाठी कोनचं खत टाकू ?,जमिनीची उपज टिकवून ठेवण्यासाठी कोणते खत टाकू?,Question syntax lost in standard text
11698,711946,D1,Banking,9.5,सामाजिक क्षेत्रात योजना कसले असतत ?,सामाजिक क्षेत्रात योजना कशा होत्या?,Question syntax lost in standard text
11743,711136,D1,Agriculture,9.5,झाड लायल्या ओप्रात त्याच्या वाढीसाठी कसले घटक गरजेचे असत ?,झाड लावल्यास त्याच्या वाढीसाठी कोणते घटक गरजेचे असतात?,Question syntax lost in standard text
11770,711578,D1,Agriculture,9.5,भारतात सिंचन पद्धत केवापासून चालू झाली ?,भारतात सिंचन पद्धत कधीपासून सुरू झाली?,Question syntax lost in standard text
11783,717794,D2,Agriculture,9.5,गुलाब फूल मोठे करण्यासाठी उपाय सांगा ?,गुलाब फुले मोठी करण्यासाठी उपाय सांगा?,Question syntax lost in standard text
11846,718510,D2,Banking,9.5,दीर्घ मुदतीच्या ठेवींसाठी कुठले पर्याय उपलब्ध आहेत ?,दीर्घ मुदतीच्या ठेवींसाठी कोणते पर्याय उपलब्ध आहेत?,Question syntax lost in standard text
11852,717406,D2,Agriculture,9.5,शेवगा तोडण्यासाठी कोणते यंत्र उपलब्ध आहे ?,शेवगा तोडण्यासाठी कोणते यंत्र उपलब्ध आहे?,Question syntax lost in standard text
11927,714209,D2,Agriculture,9.5,इंडियन टी असोसिएशन भारतीय चहा उत्पादकसनी यापारी संघटना शे,इंडियन टी असोसिएशन भारतीय चहा उत्पादक संघटना आहे,Standard text retains dialect residue: असो
11970,723328,D4,Agriculture,9.0,कोनचं खत आरोग्यासाठी चांगलं राहीन ?,कोणते खत आरोग्यासाठी चांगले राहील?,Question syntax lost in standard text
12003,723360,D4,Agriculture,9.0,मक्याचं कोनचं यंत्र वापरा लागन ?,मक्याचे कोणते यंत्र वापरावे लागेल?,Question syntax lost in standard text
12023,716522,D2,Agriculture,9.5,कीटक व्यवस्थापन सेवा ही पर्यावरणीय आरोग्य सेवेचा एक भाग आहे,कीटक व्यवस्थापन सेवा ही पर्यावरणीय आरोग्य सेवेचा एक भाग आहे,"Wrong language / Hindi leakage: \bकी\b, \bसे\b"
12072,723496,D4,Agriculture,9.0,रब्बी अस खरीप हंगामात कोनचे पिकं घेता येईन ?,रब्बी अस खरीप हंगामात कोणते पीक घेता येईल?,Question syntax lost in standard text
12087,722982,D4,Agriculture,9.0,रेपसीडले रब्बी हंगामामंदीच काऊन पेरतात ?,रेपसीडले रब्बी हंगामामंदीच कोण पेरतात?,Question syntax lost in standard text
12105,723388,D4,Agriculture,9.0,भुइमुगा साठी कोनचं तंत्र वापराले पायजे यावे ?,जमिनीसाठी कोणते तंत्र वापरावे लागेल?,Question syntax lost in standard text
12174,722938,D4,Agriculture,9.0,तुरीवरच्या अळीसाठी कोनतं कीटकनाशक हाये ?,तुरीवरच्या अळीसाठी कोणते कीटकनाशक आहे?,Question syntax lost in standard text
12200,718674,D2,Banking,9.5,मला सणासाठी कमी मुदतीचे कर्ज कोठे मिळेल ?,मला सणासाठी कमी मुदतीचे कर्ज कोठे मिळेल?,Question syntax lost in standard text
12255,719877,D4,Banking,9.0,आपण मनाप्रमाणे व्यवहाराची मर्यादा निश्चित करू शकतो,आपण मनाप्रमाणे व्यवहाराची मर्यादा निश्चित करू शकतो,Standard text retains dialect residue: मना
12291,722598,D4,Banking,9.0,भारतात आर्थिक अभियांत्रिकी कोठे केले जाते ?,भारतात आर्थिक अभियांत्रिकी कोठे केले जाते?,Question syntax lost in standard text
12485,717552,D2,Agriculture,9.0,गव्हाच्या लागवडीनंतर कोणते तणनाशक वापरावे ?,गव्हाच्या लागवडीनंतर कोणते तणनाशक वापरावे?,Question syntax lost in standard text
12563,717305,D2,Agriculture,9.0,हरळ नष्ट होण्यासाठी कोणते तणनाशक वापरावे ?,हरळ नष्ट होण्यासाठी कोणते तणनाशक वापरावे?,Question syntax lost in standard text
12598,707626,D1,Banking,9.0,तुमचा खाता बी.ओ.बी मध्ये कधीपासून आसा ?,तुमचा खाता बी.ओ.बी मध्ये कधीपासून आहे?,Question syntax lost in standard text
12643,711364,D1,Agriculture,9.0,उत्पादनाच्या किमतीत वाढ घट खयल्या कारणामुळे होता ?,उत्पादनाच्या किमतीत वाढ-घट खयल्यामुळे ते झाले का?,Standard text retains dialect residue: खयल्या
12685,712385,D1,Banking,9.0,कर्जासाठी कोण पात्र ठरु शकता ?,कर्जासाठी कोण पात्र ठरू शकतो?,Question syntax lost in standard text
12688,711453,D1,Agriculture,9.0,कांदो साठवून ठेवुच्या पहिला प्रतवार कसो करायचा ?,कांदो साठवून ठेवण्याचा पहिला प्रतवार कसा करायचा?,Garbled translation: 'कांदो' (onion) mistranslated as 'बटाटे' (potato)
12737,718209,D2,Banking,9.0,ठेव किंवा गुंतवणूकीचे व्याज कोणाला मिळते ?,ठेव किंवा गुंतवणूकीचे व्याज कोणाला मिळते?,Question syntax lost in standard text
12777,723367,D4,Agriculture,8.5,सोल्यासाठी कोनचे सापळे वापराव ?,सोल्यासाठी कोनाचे सापळे वापराव?,Question syntax lost in standard text
12796,712193,D1,Banking,9.0,बँकेचो फार्म कोणाकडसून तपासूच बगायचा ?,बँकेचे फार्म कोणाकडून तपासून घ्यायचा?,Question syntax lost in standard text
12801,724100,D4,Banking,8.5,पंतप्रधान बिमा योजनेचा फायदा कुनाले भेटतो ?,पंतप्रधानांच्या विमा योजनेचा फायदा कोणाला मिळतो?,Question syntax lost in standard text
12834,723322,D4,Agriculture,8.5,रब्बी हंगामात कोनचं पिक घेतलं जाते ?,रब्बी हंगामात कोणते पीक घेतले जाते?,Question syntax lost in standard text
12858,723323,D4,Agriculture,8.5,खरिप हंगामात कोनचे पिकं घेतले जाते ?,खरिप हंगामात कोणते पीक घेतले जाते?,Question syntax lost in standard text
12866,717519,D2,Agriculture,9.0,मांसाहारी पक्ष्याचे खाद्य कोणते ?,मांसाहारी पक्ष्याचे खाद्य कोणते?,Question syntax lost in standard text
12885,721395,D4,Banking,8.5,प्रधानमंत्री मुद्रा योजना कधी सुरू झाली ?,प्रधानमंत्री मुद्रा योजना कधी सुरू झाली?,Question syntax lost in standard text
12968,717549,D2,Agriculture,9.0,गव्हाच्या वाढीसाठी कोणते खत उपयुक्त ठरेल ?,गव्हाच्या वाढीसाठी कोणते खत उपयुक्त ठरेल?,Question syntax lost in standard text
12983,716757,D2,Banking,9.0,ई.एम.आय मोजन्याची प्रक्रिया थोडक्यात समजावून सांगा ?,ईएमआय कर्जाची प्रक्रिया थोडक्यात समजावून सांगा?,Question syntax lost in standard text
13000,712495,D1,Banking,8.875,सामाजिक योजनेक कोण कोण अर्ज करू शकतत ?,सामाजिक योजनेसाठी कोण अर्ज करू शकतात?,Question syntax lost in standard text
13159,712360,D1,Banking,8.5,बँकेतला कर्ज कोणासाठी पात्र ठरता ?,बँकेतील कर्ज कोणासाठी पात्र ठरते?,Question syntax lost in standard text
13257,721194,D4,Banking,8.5,आर्थिक गुन्ह्यात अडकल्याबद्दल मोठी शिक्षा आहे,आर्थिक गुन्ह्यात अडकल्याबद्दल मोठी शिक्षा आहे,Standard text retains dialect residue: ह्या
13276,711327,D1,Agriculture,8.5,गुलाबाच्या फांदिर एलेलो डायबॅक कसो घालवं ?,गुलाबाच्या फांद्यांनी मधुमेह कसा नियंत्रित करावा?,Garbled translation: 'डायबॅक' misinterpreted as 'मधुमेह'
13348,711156,D1,Agriculture,8.5,रोट्यापासून झाडाक वाचौक कसले उपाय आसत ?,रोटी आणि झाडांसाठी कोणते उपाय आहेत?,Question syntax lost in standard text
13362,722940,D4,Agriculture,8.0,सोल्यावरच्या अळीसाठी कोनतं कीटकनाशक वापराव ?,सोल्यावरच्या अळीसाठी कोणते कीटकनाशक वापरावे?,Question syntax lost in standard text
13364,717659,D2,Agriculture,8.5,उन्हाळ्यात कोणते पीक चांगले येते ?,उन्हाळ्यात कोणते पीक चांगले येते?,Question syntax lost in standard text
13379,718442,D2,Banking,8.5,दीर्घ मुदतीकरीता ठेवीचे कोणकोणते पर्याय आहेत ?,दीर्घ मुदतीसाठी ठेवीचे कोणकोणते पर्याय आहेत?,Question syntax lost in standard text
13390,711991,D1,Banking,8.5,मोबाईलातसून खयच्याई बँकेचा खाता उघडणा शक्य असा काय ?,मोबाईलमधून खयच्याई बँकेचा खाता उघडणे शक्य आहे का?,Standard text retains dialect residue: खयच्या
13404,723551,D4,Agriculture,8.0,हवामानाचा अंदाज कोठून मिळवता येईन ?,हवामानाचा अंदाज कोठून मिळवता येईल?,Question syntax lost in standard text
13430,718508,D2,Banking,8.5,बँकेमध्ये ठेवींसाठी कोणते पर्याय उपलब्ध आहेत ?,बँकेमध्ये ठेवींसाठी कोणते पर्याय उपलब्ध आहेत?,Question syntax lost in standard text
13479,724101,D4,Banking,8.0,श्रावण बाळ योजनेसाठी कुनाले अर्ज करता येते ?,श्रावण बाळ योजनेसाठी कोणाला अर्ज करता येतो?,Question syntax lost in standard text
13491,723318,D4,Agriculture,8.0,शेळी पालनाले कोनच्या जागेची निवड करावी ?,शेळी पालनांसाठी कोनाच्या जागेची निवड करावी?,Question syntax lost in standard text
13545,723384,D4,Agriculture,8.0,पराटी शेतातुन काढाले कोनचं यंत्र वापराव ?,शेतातून कोणते यंत्र वापरायचे?,Question syntax lost in standard text
13597,710710,D1,Banking,8.5,झिला तु पंचायतीत जाउन मनरेगा अंतर्गत आपला नाव नोंदव,जिल्ह्यातील पंचायतीत जाण्यासाठी मनरेगा अंतर्गत आपले नाव नोंदवा,Standard text retains dialect residue: ह्या
13632,723197,D4,Agriculture,8.0,संत्रा छटाईले कोनचे साधन वापराले पाहिजे ?,संत्र्याची छटाई करण्यासाठी कोनाचे साधन वापरावे पाहिजे?,Question syntax lost in standard text
13634,717686,D2,Agriculture,8.5,दूध वाढावे म्हणून गाईला कोणते खाद्य द्यावे ?,दूध वाढावे म्हणून गाईला कोणते खाद्य द्यावे?,Question syntax lost in standard text
13834,711303,D1,Agriculture,8.0,दमट मातयेत खयल्या महिन्यात शेती करुची ?,दमट मातीयेत खयल्या महिन्यात शेती करायची?,Question syntax lost in standard text
13863,722698,D4,Banking,8.0,भाऊ फायनान्स व्यवसायावर कोणाचे नियंत्रण आहे ?,भाऊ फायनान्स व्यवसायावर कोणाचे नियंत्रण आहे?,Question syntax lost in standard text
13912,712344,D1,Banking,8.0,आर्थिक सेवा कोणा मार्फत दिले जातत ?,आर्थिक सेवा कोणा मार्फत दिली जाते?,Question syntax lost in standard text
13953,723079,D4,Agriculture,7.5,लाल मातीत कोनचं पीक घेतलं जाते ?,लाल मातीत कोणते पीक घेतले जाते?,Question syntax lost in standard text
13956,723507,D4,Agriculture,7.5,पाणथळ जमीनीमंदी पावसाळ्यात कोनचे पिक उगवते ?,पाणथळ जमिनीवर पावसाळ्यात कोणते पीक उगवते?,Question syntax lost in standard text
14013,723451,D4,Agriculture,7.5,मिरचीवरील चुरडा या रोगाले रामबाण औषध कोनचे ?,मिरचीवरील चुरडा या रोगाचे रामबाण औषध कोणते?,Question syntax lost in standard text
14041,712260,D1,Banking,8.0,ठेवीचा खाता कोणाच्या नावार खोलूचा ?,ठेवीचा खाता कोणाचा आहे?,Question syntax lost in standard text
14043,723144,D4,Agriculture,7.5,इजाइच्या कडकडाटाची बतावनी कोनचे मोबाईल ॲप देईन ?,मी कोणते मोबाईल ॲप देईन?,Question syntax lost in standard text
14044,711548,D1,Agriculture,8.0,स्वस्त नी मस्त अवजारा माका खडे मिळतीत ?,मला स्वस्त आणि चांगले अवजारे कधी मिळतील?,Question syntax lost in standard text
14070,723446,D4,Agriculture,7.5,टमाट्यावरील नाग अळीचे दुष्परिणाम कोनचे ?,टमाट्यावरील नागअळीचे दुष्परिणाम कोणते?,Question syntax lost in standard text
14082,723575,D4,Agriculture,7.5,म्हशीसाठी कोनचे खाद्य चांगलं रायते ?,म्हशीसाठी कोणते खाद्य चांगले दर?,Question syntax lost in standard text
14108,717265,D2,Agriculture,8.0,आंबा लागवडीसाठी कोणते बियाणे वापरावे ?,आंबा लागवडीसाठी कोणते बियाणे वापरावे?,Question syntax lost in standard text
14112,723448,D4,Agriculture,7.5,संत्र्यावर कोळशी रोग कायच्यापाई येते ?,संत्र्यावर कोळशी रोग कशाने होते?,Question syntax lost in standard text
14113,708987,D1,Banking,8.0,पिंटू आपलो टॅक्स कित्याक नाय भरत हा ?,पिंटू तुमचे टॅक्स कधी भरले नाहीत?,Question syntax lost in standard text
14139,721474,D4,Banking,7.5,आरोग्य विम्याचे कोणते पॅकेज घेतले आहे ?,आरोग्य विम्याचे कोणते पॅकेज घेतले आहे?,Question syntax lost in standard text
14141,718227,D2,Banking,8.0,यू.पी.आय मध्ये कोणते तंत्रज्ञान वापरले जाते ?,यूपीआय मध्ये कोणते तंत्रज्ञान वापरले जाते?,Question syntax lost in standard text
14152,712053,D1,Banking,8.0,कितक्या पर्यंत माका कर्ज मिला शकता ?,कितक्या पर्यंत मला कर्ज मिळू शकते?,Question syntax lost in standard text
14168,718488,D2,Banking,8.0,दीर्घ मुदत असलेल्या कर्जाचे कोणते पर्याय आहे ?,दीर्घ मुदत असलेल्या कर्जाचे कोणते पर्याय आहेत?,Question syntax lost in standard text
14200,711983,D1,Banking,8.0,कर्ज घेताना कसले फी दिऊचे लागतत काय ?,कर्ज घेताना कशाचे शुल्क लागतं?,Question syntax lost in standard text
14203,707657,D1,Banking,8.0,"दादा , पसंतीच्या स्टॉकचा मूल्यमापन कोण करता ?","दादा, पसंतीच्या स्टॉकचे मूल्यमापन कोण करते?",Question syntax lost in standard text
14248,711737,D1,Agriculture,8.0,खय खयच्या पिकांका थंड हवामान लागतं ?,खय खयच्या पिकांका थंड हवामान लागते का?,Standard text retains dialect residue: खय
14375,717694,D2,Agriculture,8.0,मे व जून महिन्यात कोणता भाजीपाला पिकवावा ?,मे आणि जून महिन्यात कोणते भाजीपाला पिकवायचे आहे?,Question syntax lost in standard text
14416,712246,D1,Banking,7.5,यू.पी.आय चे फायदे सांगा माका ?,यू.पी.आयचे फायदे सांगा मला.,Question mark dropped in translation
14419,712148,D1,Banking,7.5,ऑनलाइन खाता उघडताना खयला ता संकेतस्थळ वापरूचा ?,ऑनलाइन खाते उघडताना कोणते संकेतस्थळ वापरावे?,Question syntax lost in standard text
14483,718066,D2,Banking,8.0,यू.पी.आय पिन कशासाठी वापरला जातो ?,यू.पी.आय पिन कशासाठी वापरला जातो?,Question syntax lost in standard text
14504,717672,D2,Agriculture,8.0,केळीला कोठे मागणी आहे ?,केळींची मागणी कोठे आहे?,Question syntax lost in standard text
14511,723047,D4,Agriculture,7.0,पी.एम किसान योजना कोना कोनाले लागू पडन ?,पी.एम किसान योजना कोना कोनाले लागू आहे?,Question syntax lost in standard text
14565,723071,D4,Agriculture,7.0,रब्बी हंगामाचे मइने कोनचे ?,रब्बी हंगामाचे कोणते?,Question syntax lost in standard text
14635,711450,D1,Agriculture,7.5,कांदो बाद होऊक नको ह्याका तंत्र काय असा ?,कांदो बाद होऊ नये तर हे तंत्र काय आहे?,Garbled translation: 'कांदो' (onion) mistranslated as 'बटाटे' (potato)
14666,717775,D2,Agriculture,7.5,सीताफळ लागवडीची पद्धत सांगावी ?,सीताफळ लागवडीची पद्धत सांगावी?,Question syntax lost in standard text
14671,712312,D1,Banking,7.5,ठेवी खात्यात पैसे घालूक कोण पात्र आसा ?,ठेवी खात्यात पैसे घालणे कोणाला पात्र आहे?,Question syntax lost in standard text
14679,722796,D4,Agriculture,7.0,करडईचे तेल मधुमेहींसाठी फायदेशीर आहे,कडईचे तेल मधुमेह यासाठी फायदेशीर आहे,Garbled/Incoherent structure: 'मधुमेह'
14687,713714,D2,Agriculture,7.5,टोकरसान एक चागलं गवत से लावले,टोकरसान एक घास गवतवरून लावले,Standard text retains dialect residue: करस
14699,718527,D2,Banking,7.5,शासनाच्या अटल पेन्शन योजनेचा लाभ कोण घेऊ शकतात ?,शासनाच्या अटल पेन्शन योजनेचा लाभ कोण घेऊ शकतात?,Question syntax lost in standard text
14750,718530,D2,Banking,7.5,यू.पी.आय सेवेचा उपयोग कशाकरीता केला जातो ?,यू.पी.आय सेवेचा उपयोग कशासाठी केला जातो?,Question syntax lost in standard text
14789,714635,D2,Agriculture,7.5,कायजी लिदी नै ते मगरलेबी नीमोनीया व्हस,कायजी लिदी ते मलेरिया आणि निमोनिया कसे आहे?,Standard text retains dialect residue: मले
14804,717388,D2,Agriculture,7.5,राखेच्या खताचे फायदे आणि तोटे कोणते ?,राखेच्या खात्याचे फायदे आणि तोटे कोणते?,Question syntax lost in standard text
14807,717637,D2,Agriculture,7.5,बुरशी पडल्यास कोणते औषध वापरावे ?,बुरशी पडल्यास कोणते औषध वापरावे?,Question syntax lost in standard text
14853,722911,D4,Agriculture,6.875,पीक रोटेशन पद्धतीत पराटीनंतर कोनचे पीक घेऊ ?,पीक रोटेशन पद्धतीत पराटीनंतर कोणते पीक घ्यावे?,Question syntax lost in standard text
14871,723386,D4,Agriculture,6.5,सोयाबीनसाठी कोनचं यंत्र वापरा ?,सोयाबीनसाठी कोणते यंत्र वापरा?,Question syntax lost in standard text
14928,723533,D4,Agriculture,6.5,मावा कायच्यानं येते ?,मावा कशाने येते?,Question syntax lost in standard text
14954,718140,D2,Banking,7.5,ई.टी.एफ मध्ये गुंतवणूक करण्याचे फायदे कोणते ?,ई.टी.एफ मध्ये गुंतवणूक करण्याचे फायदे कोणते?,Question syntax lost in standard text
14958,723025,D4,Agriculture,6.5,मावा किडीवरचे उपाव कोनचे ?,यावरचे उपाय कोणते?,Question syntax lost in standard text
14959,712421,D1,Banking,7.0,विमा कशासाठी उघडलो जाता ?,विमा कशासाठी उघडले?,Question syntax lost in standard text
14979,722987,D4,Agriculture,6.5,सोल्याची खूप आवक देनारी जात कोनची ?,विवाहाची खूप रक्कम कोठे जात आहे?,Question syntax lost in standard text
14992,711338,D1,Agriculture,7.0,कमी पैशात नांगरुक खयचो ट्रॅक्टर गावात ?,कमी पैशात नांगरून ट्रॅक्टर गावात खयचो?,Question syntax lost in standard text
15012,723422,D4,Agriculture,6.5,मुरमाड जमिनीत कोनचे पीकं घेता येईन ?,मुरमाड जमिनीत कोणते पीक घेता येईन?,Question syntax lost in standard text
15112,711140,D1,Agriculture,7.0,वाढ बेगीन जायच्या खातीर कसला खत वापराचा ?,वाढ बेगीन जाण्यासाठी कशाचा खत वापरावा?,Question syntax lost in standard text
15157,707383,D1,Banking,7.0,एन.ई.एफ.टी वापरून आपण खयच्याव बँकेत पैसो पाठवू शकतव काय ?,एन.ई.एफ.टी वापरून आपण खयच्याव बँकेत पैसे पाठवू शकतो का?,Standard text retains dialect residue: खयच्या
15201,723368,D4,Agriculture,6.0,किड्याइवर कोनची फवारनी कराच पायजे ?,कोठेची फवारणी करायची आहे?,Question syntax lost in standard text
15204,723158,D4,Agriculture,6.0,कोरडवाहू जमिनीत कोनचं पीक घ्याव ?,कोरडवाहू जमिनीत कोणते पीक घ्यावे?,Question syntax lost in standard text
15214,711485,D1,Agriculture,7.0,माती खयल्या कारणान खराब हुता ?,माती खयल्याचे कारणे खराब का आहेत?,Standard text retains dialect residue: खयल्या
15228,721380,D4,Banking,6.0,निव्वळ वर्तमान मूल्य शून्य कधी असते ?,निव्वळ वर्तमान मूल्य कधी शून्य असते?,Question syntax lost in standard text
15266,718269,D2,Banking,7.0,के.वाय.सी कशासाठी वापरतात ?,के.वाय.सी कशासाठी वापरतात?,Question syntax lost in standard text
15278,717530,D2,Agriculture,7.0,गहू लागवडीसाठी योग्य बियाणे कोणते ?,गहू लागवडीसाठी कोणते योग्य बियाणे आहे?,Question syntax lost in standard text
15281,718453,D2,Banking,7.0,आरोग्य विम्याचे कोणते पर्याय उपलब्ध आहेत ?,आरोग्य विम्याचे कोणते पर्याय उपलब्ध आहेत?,Question syntax lost in standard text
15344,717318,D2,Agriculture,7.0,ढगाळ हवामान कोणते असते ?,ढगाळ हवामान कोणते असते?,Question syntax lost in standard text
15374,717642,D2,Agriculture,7.0,बोंडअळी साठी कोणते किटकनाशक वापरावे ?,बोंडअळीसाठी कोणते कीटकनाशक वापरावे?,Question syntax lost in standard text
15380,717810,D2,Agriculture,7.0,रोग नियंत्रण औषधांची नावे सांगा ?,रोग नियंत्रणाचे औषधांची नावे सांगा?,Question syntax lost in standard text
15406,708627,D1,Banking,6.875,संस्थागत बचत खाता कोण कोण उघडू शकतत ?,संस्थागत बचत खाता कोण कोण उघडू शकतात?,Question syntax lost in standard text
15412,712500,D1,Banking,6.857,यू.पी.आय कोणा कोणा साठी उपयोगाचा आसा ?,यू.पी.आय कोणासाठी उपयोगाचा आसा आहे?,Question syntax lost in standard text
15462,724185,D4,Banking,5.889,यू.पी.आय न मले कोठ कोठ पैसे देता येईन ?,UPI मला कोठे पैसे मिळतील?,Question syntax lost in standard text
15465,723962,D4,Banking,5.889,यू.पी.आय न मले कोठ कोठ पैसे पाठवता येईन ?,मला यू.पी.आयने कोठे पैसे पाठवता येतील?,Question syntax lost in standard text
15496,712347,D1,Banking,6.5,आर्थिक सेवा कोणाकडन पुरविली जाता ?,आर्थिक सेवा कोणाकडून पुरवल्या जातात?,Question syntax lost in standard text
15498,723538,D4,Agriculture,5.5,अस्वल अळीले चांगली दवाई कोनची ?,कोणते औषध चांगले आहे?,Question syntax lost in standard text
15507,723065,D4,Agriculture,5.5,आमच्या वातावरनात पोषक म्हस कोनची ?,आमच्या वातावरणात पोषक मासे कोणते?,Question syntax lost in standard text
15514,711650,D1,Agriculture,6.5,पशुसंवर्धनाक लागणारा खादय कोण पुरयता ?,पशुसंवर्धनासाठी लागणारे खाद्य कोण पुरवते?,Question syntax lost in standard text
15563,717380,D2,Agriculture,7.0,भाजी पाला लवकरात लवकर कशा पद्धतीने तयार करता येईल ?,भाजीपाला लवकरात लवकर कशा पद्धतीने तयार करता येईल?,Question syntax lost in standard text
15582,723233,D4,Agriculture,5.5,कोंबडीले कोनच खाद्य द्याच ?,कोंबड्यांना कोणते खाद्य द्या?,Question syntax lost in standard text
15588,723403,D4,Agriculture,5.5,कोनची गाय वापराली पाहिजे ?,कोणाची गाय वापरावी पाहिजे?,Question syntax lost in standard text
15637,711579,D1,Agriculture,6.5,कमी पाणी असला तर कसला सिंचन वापराक होया ?,कमी पाणी असलं तर कोणते सिंचन वापरायचे?,Question syntax lost in standard text
15641,713881,D2,Banking,7.0,करनी चोरी करान सरकार भी नजर म्हा गुन्हा समजावस,सरकारला माझ्या गुन्ह्याची नजर देखील आहे.,Standard text retains dialect residue: ह्या
15667,712431,D1,Banking,6.5,सामाजिक योजना कसे तयार होतत ?,सामाजिक योजना कशा तयार होत आहेत?,Question syntax lost in standard text
15703,707865,D1,Agriculture,6.5,मधाक हृदय आजारांवर उपयोगी मनाला जाता,मधाक हृदय आजारांवर उपयोगी मनाला जाते,Standard text retains dialect residue: मना
15750,723846,D4,Banking,5.0,मले बचत खात ऑनलाईन खोलन सोपं पडन की ऑफलाईन ?,मला बचत खाते ऑनलाईन खोलणे सोपे पडते की ऑफलाईन?,Question syntax lost in standard text
15753,723549,D4,Agriculture,5.0,जमीन मोजाले कोनचं एकक वापरते ?,जमिनीचे मापन करण्यासाठी कोणते एकक वापरले जाते?,Question syntax lost in standard text
15804,723326,D4,Agriculture,5.0,खपली गहू कवा पेराले पायजे ?,खपली गहू कवा पेराले पायजे?,Question syntax lost in standard text
15819,721427,D4,Banking,5.0,आर्थिक विवरणपत्रे कोण तयार करतात ?,आर्थिक विवरणपत्रे कोण तयार करतात?,Question syntax lost in standard text
15863,718323,D2,Banking,6.5,निधी हस्तांतरण कशाला म्हटले जाते ?,निधी हस्तांतरण कशाला म्हटले जाते?,Question syntax lost in standard text
15896,718194,D2,Banking,6.5,कर्जाला चांगले कर्ज कोणते घटक बनवितात ?,चांगले कर्ज कोणते घटक बनवतात?,Question syntax lost in standard text
15922,711452,D1,Agriculture,6.0,कांदो वाळवताना ढीग करून हवो काय ?,बटाटे वाळवताना ढीग करून हवे काय?,Garbled translation: 'कांदो' (onion) mistranslated as 'बटाटे' (potato)
15945,723018,D4,Agriculture,4.0,नाग अळीचं लक्षण कोनचं ?,नागाच्या अंड्याचे लक्षण कोणते?,Question syntax lost in standard text
15952,711201,D1,Agriculture,6.0,आम्ही मिरचेंची लागवड कधी करूची ?,आम्ही मिरच्याची लागवड कधी करू?,Question syntax lost in standard text
15975,723327,D4,Agriculture,3.5,कोनची फवारणी कराव ?,कोणाची फवारणी करायची आहे?,Question syntax lost in standard text
16052,717879,D2,Agriculture,6.5,सिंचनाचे फायदे व तोटे कोणते आहेत ?,सिंचनाचे फायदे व तोटे कोणते आहेत?,Question syntax lost in standard text
16053,711805,D1,Banking,6.0,ऑनलाइन पे करूचा साठी कसलो ऍप वापरूचो ?,ऑनलाइन पेमेंटसाठी कोणते ॲप वापरावे?,Question syntax lost in standard text
16062,718103,D2,Banking,6.5,जर पैसे ट्रान्सफर केले गेले नाही तर ?,जर पैसे ट्रान्सफर केले गेले नाही तर?,Question syntax lost in standard text
16069,711451,D1,Agriculture,6.0,कांदो काढुन ती चार दिवस वाळऊ शकतव काय ?,कांदे काढल्यानंतर ती चार दिवस वाळू शकत आहेत का?,Garbled translation: 'कांदो' (onion) mistranslated as 'बटाटे' (potato)
16088,717822,D2,Agriculture,6.5,बाराही महिने कोणते पीक घेवू शकतो ?,बाराही महिने कोणते पीक घेता येते?,Question syntax lost in standard text
16106,717088,D2,Banking,6.5,बैल बाजारात सध्या भाव कुठपर्यंत आहे ?,बैल बाजारात सध्या भाव कुठपर्यंत आहे?,Question syntax lost in standard text
16131,712529,D1,Agriculture,6.0,रोपे जमिनीमदि कधी लाऊची लागता ?,रोपे जमिनीमध्ये कधी लावायची लागते?,Question syntax lost in standard text
16172,714182,D2,Banking,6.389,"रस्ताना कर , पर्यावरण कर ह्या करना परकार शेतंस","रस्ता करा, पर्यावरण करा, ह्याचा विचार शेतांसाठी करा.",Standard text retains dialect residue: ह्या
16216,713620,D2,Agriculture,6.0,तांदूय पाईन मुरमुरा कशा बनाडतंस ?,तांदूळ पाईन मुरमुरा कशा बनवत आहात?,Question syntax lost in standard text
16244,717485,D2,Agriculture,6.0,शेतीची मशागत कशापद्धतीने करावी ?,शेतीची मशागत कशापद्धतीने करावी?,Question syntax lost in standard text
16252,718627,D2,Agriculture,6.0,रोपे जमिनीत कधी लावली पाहिजे ?,रोप जमिनीत कधी लावायचे पाहिजे?,Question syntax lost in standard text
16264,714245,D2,Banking,6.0,मनाजोडे दहा चेक वालं चेकबुक शे,मनाजोडे दहा चेक असलेली चेकबुक आहे.,Standard text retains dialect residue: मना
16310,717671,D2,Agriculture,6.0,आपण दररोजचे बाजारभाव कोठे पाहू शकतो ?,आपण दररोजचे बाजारभाव कोठे पाहू शकतो?,Question syntax lost in standard text
16340,713357,D2,Agriculture,6.0,धवया आनी काया मनोका सनपावनले कायम लागतस,देवाया आणि काया मनाला सनपावनले कायम लागतो,Standard text retains dialect residue: मना
16505,712434,D1,Banking,5.0,यू.पी.आय सेवा कोण वापरू शकता ?,यू.पी.आय सेवा कोण वापरू शकता?,Question syntax lost in standard text
16510,717559,D2,Agriculture,5.5,टोमॅटोवर कोणते किटक रोग पडू शकतात ?,टोमॅटोवर कोणते किटक रोग पडू शकतात?,Question syntax lost in standard text
16536,718224,D2,Banking,5.5,विम्याचे तीन भाग कोणते आहेत ?,विम्याचे तीन भाग कोणते आहेत?,Question syntax lost in standard text
16543,712271,D1,Banking,5.0,खाता कोण व्यवस्थापित करता ?,खाते कोण व्यवस्थापित करते?,Question syntax lost in standard text
16590,717402,D2,Agriculture,5.5,लाल्या रोगावर कोणते औषध वापरतात ?,लाल्या रोगावर कोणते औषध वापरतात?,Question syntax lost in standard text
16604,717466,D2,Agriculture,5.5,जमिनीची धूप कशामुळे होते ?,जमिनीची धूप कशामुळे होते?,Question syntax lost in standard text
16611,711205,D1,Agriculture,5.0,उडदाचा बिया कसा पेरूचा ?,उडदाचा बिया कसा पेरूचा,Question mark dropped in translation
16613,710596,D1,Banking,5.0,ऑफशोर बँकेत कोण खाता उघडु शकता ?,ऑफशोर बँकेत कोण खाते उघडू शकतो?,Question syntax lost in standard text
16663,711919,D1,Banking,4.5,कर्ज फेडूक नाय तर ?,कर्ज फेडले नाही तर?,Question syntax lost in standard text
16666,718203,D2,Banking,5.0,के.वाय.सी चे तीन घटक कोणते आहेत ?,के.वाय.सी चे तीन घटक कोणते आहेत?,Question syntax lost in standard text
16670,717615,D2,Agriculture,5.0,तांदूळ हे पीक कधी घेतात ?,तांदूळ हे पीक कधी घेतात?,Question syntax lost in standard text
16691,711957,D1,Banking,4.5,आर्थिक सेवा कोण पुरयता ?,आर्थिक सेवा कोण पुरवतो?,Question syntax lost in standard text
16710,713526,D2,Agriculture,5.0,हयद बिगर भाजी ? भारत देशमा शक्यच नही,हे बिगर भाजी? भारतात शक्यच नाही.,Question syntax lost in standard text
16718,718211,D2,Banking,5.0,ठेवीत कशाचा समावेश होतो ?,ठेवीत कशाचा समावेश होतो?,Question syntax lost in standard text
16736,717481,D2,Agriculture,5.0,बोंड अळी केव्हा पडू शकते ?,बोंड अळी कधी पडू शकते?,Question syntax lost in standard text
16746,717477,D2,Agriculture,5.0,अंडी घालणारे किटक कोणते ?,अंडी घालणारे किटक कोणते?,Question syntax lost in standard text
16783,712232,D1,Banking,4.333,खयले खयले विमे हकडे मिळतीत ?,कितले मिळते तिथे?,Question syntax lost in standard text
16829,712226,D1,Banking,4.0,यू.पी.आय चो वापर कधीपण करू शकतव ?,यू.पी.आय चा वापर कधी पण करू शकतो?,Question syntax lost in standard text
16854,718671,D2,Banking,4.5,मी बचत खाते कोठे उघडू शकतो ?,मी बचत खाते कोठे उघडू शकतो?,Question syntax lost in standard text
