id,text_id,dialect,domain,distortion_score,dialect_text,standard_text
11001,721847,D4,Banking,10.0,आयुष मंत्रालयाने पाच कोटी लोकांचा विमा काढला आहे,आयुष मंत्रालयाने पाच कोटी लोकांचा विमा काढला आहे
11002,710807,D1,Agriculture,10.0,पुर्वीची कॉफी पण आजच्या कॉफीसारखी तयार केली जात होती,पूर्वीची कॉफी पण आजच्या कॉफीसारखी तयार केली जात होती
11003,712705,D2,Agriculture,10.0,मानूसले फयबागमाथून खावानं उत्पादन भेटस,लोकांचे फयबागमाथून खावानं उत्पादन मिळते
11004,721486,D4,Banking,10.0,आपण कोणत्या समस्यां मध्ये म्युनिसिपल बॉण्ड्स वापरू शकतो ?,आपण कोणत्या समस्यांमध्ये म्युनिसिपल बॉण्ड्स वापरू शकता?
11005,709209,D1,Agriculture,10.0,रमेश मेंढपाळाचा काम सोडान पुर्णपणे शेतीवर अवलंबून झालो,रमेशचे काम सोडणे पूर्णपणे शेतीवर अवलंबून झाले.
11006,714065,D2,Agriculture,10.0,मी येक मानूस मेंढया चाराले ठेवा,मी एका माणसासाठी मेंढ्यांचे चारा ठेवा
11007,721409,D4,Banking,10.0,तुम्हाला पी.एन.बी बँकेचे ए.टी.एम कुठेही सापडतील,तुम्हाला पी.एन.बी बँकेचे ए.टी.एम कुठेही सापडतील
11008,708766,D1,Agriculture,10.0,फॉर्म मशीनरी सोल्यूशन शेतीची यंत्रा विकत घेऊचा अॅप हा,हे ॲप शेतीची यंत्रे विकत घेण्यासाठी फॉर्म मशीनरी सोल्यूशन आहे.
11009,718007,D2,Banking,10.0,सध्या माझ्या खात्यात किती रक्कम आहे ?,सध्या माझ्या खात्यात किती रक्कम आहे?
11010,722114,D4,Agriculture,10.0,"मेण आणि आयुर्वेदिक क्रीम आता मधापासून बनते , नीरज","मेण आणि आयुर्वेदिक क्रीम आता मधापासून बनते, नीरज"
11011,709493,D1,Banking,10.0,नेट बँकिंगमधना देश विदेशात पैशे पाठवू शकतास,तुम्ही नेट बँकिंगद्वारे देश विदेशात पैसे पाठवू शकता.
11012,718004,D2,Banking,10.0,मला कर्जांची आवश्यकता असल्यास ते मिळू शकते का ?,मला कर्जाची आवश्यकता असल्यास ते मिळू शकते का?
11013,719048,D4,Agriculture,10.0,शेतकरी भाताचा पेंढा जाळतात त्यामुळे प्रदूषण होते,शेतकरी भाताचा पेंढा जाळतात त्यामुळे प्रदूषण होते
11014,709191,D1,Agriculture,10.0,सगळ्या मातीयेत सगळी रोपा लावू शकना नाय,सर्व रोपे मातीत लावता येत नाहीत
11015,718028,D2,Banking,10.0,माझ्या गृह कर्जाचा हफ्ता किती आहे ?,माझ्या गृह कर्जाचा हफ्ता किती आहे?
11016,721404,D4,Banking,10.0,आपण वस्तू आयात करण्यासाठी जहाजे देखील वापरू शकता,आपण वस्तू आयात करण्यासाठी जहाजे देखील वापरू शकता
11017,709419,D1,Agriculture,10.0,गिरीची शिंगा विलक्षण वळणदार असून अर्धचंद्राचे स्वरूप देतत,गिरीची शिंगे विलक्षण वळणदार असून अर्धचंद्राचे स्वरूप देत आहेत
11018,718375,D2,Banking,10.0,कर्जाच्या हफ्त्याच्या रक्कमेबाबत मला कोण सांगू शकेल ?,कर्जाच्या हफ्त्याच्या रकमेबाबत मला कोण सांगू शकेल?
11019,720995,D4,Agriculture,10.0,जिओडॅक हा एक मोठा खाण्यायोग्य खारट पाण्याचा क्लॅम आहे,जिओडॅक हा एक मोठा खाण्यायोग्य खारट पाण्याचा क्लॅम आहे
11020,708470,D1,Banking,10.0,मुलांनो ह्या सांगा की असुरक्षित कर्ज म्हणजे काय आसता ?,मुलांनो हे सांगा की असुरक्षित कर्ज म्हणजे काय असते?
11021,717853,D2,Agriculture,10.0,मशरुमचे आयुष्य वाढवण्यासाठी कोणते उपाय करावेत ?,मशरूमचे आयुष्य वाढवण्यासाठी कोणते उपाय करावेत?
11022,719609,D4,Agriculture,10.0,पालापाचोळा कंपोस्ट मध्ये मिसळून जमिनीत मिसळला जातो,पालापाचोळा कंपोस्टमध्ये मिसळून जमिनीत मिसळला जातो
11023,709937,D1,Agriculture,10.0,"नायजरच्या बियांमध्ये प्रथिना , तेल आणि विरघळणारी साखर असता","नायजरच्या बियांमध्ये प्रथिने, तेल आणि विरघळणारी साखर असते."
11024,717523,D2,Agriculture,10.0,द्राक्ष पिकाच्या फलधारणेसाठी कोणता हंगाम योग्य असतो ?,द्राक्ष पिकाच्या फलधारणेसाठी कोणता हंगाम योग्य असतो?
11025,719306,D4,Banking,10.0,लहान मुलांना पिग्गी बँकेत चिल्लर पैशे जमा करणे अधिक आवडते,लहान मुलांना पिग्गी बँकेत चिल्लर पैसे जमा करणे अधिक आवडते
11026,709240,D1,Banking,10.0,मोबाईल अॅप्लिकेशन मधना पण खात्यात देवाण घेवान करतत,मोबाईल ॲप्लिकेशनमध्ये पण खात्यात व्यवहार होत आहे.
11027,712789,D2,Banking,10.0,धान्यना भाव दखीसन रामकुमारनी गहू पेरात,रामकुमारनीसाठी धान्याच्या भावाचा गहू
11028,720060,D4,Agriculture,10.0,पेरिव्हिंकल ही एक सदाहरित वनस्पती प्रजाती आहे,पेरिव्हिंकल ही एक सदाहरित वनस्पती प्रजाती आहे
11029,707414,D1,Banking,10.0,कर्ज घेतलेल्या भांडवलात परतावो व्याज म्हणून दिलो जाता,कर्ज घेतलेल्या भांडवलात परतावा व्याज म्हणून दिले जाते
11030,715890,D2,Agriculture,10.0,भारतात आणि जगभरात बांबूचा उपयोग सजावटीसाठी खूप केला जातो,भारतात आणि जगभरात बांबूचा उपयोग सजावटीसाठी खूप केला जातो
11031,720564,D4,Agriculture,10.0,खेकडे आणि कोळंबी या दोघांनाही क्रस्टेशियन म्हणतात,खेकडे आणि कोळंबी या दोघांनाही क्रस्टेशियन म्हणतात
11032,706538,D1,Banking,10.0,"सवलतीचा कर्ज , ज्याका कधीकधी सॉफ्ट लोन असाही म्हणतत","सवलतीचे कर्ज, जे कधीकधी सॉफ्ट लोन असेही म्हणतात."
11033,714278,D2,Agriculture,10.0,बांबू लाकूडना अशा परकार शे जो मझारथून पोकय रहास,बांबू लाकडाचे असे परकार मझारथून कसे मिळतात?
11034,722706,D4,Banking,10.0,काही बदलांसाठी तुम्ही ऑनलाइन जाऊन सूचनेतील बदल सेव्ह करू शकता,काही बदलांसाठी तुम्ही ऑनलाइन जाऊन सूचनेतील बदल सेव्ह करू शकता
11035,707996,D1,Agriculture,10.0,लगदा आणि कागद उद्योगातील अश्या कंपन्यांचा समावेश होता,कागद आणि संबंधित उद्योगातील अशा कंपन्यांचा समावेश होता
11036,716469,D2,Agriculture,10.0,भारतात तंबाखूला करापासून दूर ठेवले जाते,भारतात तंबाखूला करापासून दूर ठेवले जाते
11037,721986,D4,Agriculture,10.0,टेप आणि बूट बनवण्यासाठी रबराचा वापर केला जातो,टेप आणि बूट बनवण्यासाठी रबराचा वापर केला जातो
11038,711556,D1,Agriculture,10.0,शेती करुक कसली जमीन सगळ्यात जास्त बरी असता ?,शेतीसाठी कसली जमीन सगळ्यात जास्त चांगली असते?
11039,716475,D2,Banking,10.0,बारावीच्या वर्गात वार्षिक टक्केवारी शिकवली जाते,बारावीच्या वर्गात वार्षिक टक्केवारी शिकवली जाते
11040,720869,D4,Agriculture,10.0,विशेष पिकांसाठी सर्वात योग्य शेती पद्धती एकूण दहा आहेत,विशेष पिकांसाठी सर्वात योग्य शेती पद्धती एकूण दहा आहेत
11041,709315,D1,Banking,10.0,ऑनलाईन पद्धतीन करदाते आप्ल्या टॅक्सची मोजणी करू शकतत,ऑनलाईन पद्धतीने आपण आपल्या टॅक्सची मोजणी करू शकता
11042,716398,D2,Banking,10.0,नापीक जमिनींचे भाव त्यांच्या जागेवरती ठरवले जातात,नापीक जमिनींचे भाव त्यांच्या जागेवरती ठरवले जातात
11043,721839,D4,Agriculture,10.0,यंदा भारतात परागीभवनाच्या प्रकारांमध्ये घट झाली आहे,सध्या भारतात परागीभवनाच्या प्रकारांमध्ये घट झाली आहे
11044,708423,D1,Banking,10.0,भविष्याऐवजी शेअर्स आपल्या गुंतवणुकीर अधिक फायदे मिळवन दिता,भविष्याऐवजी शेअर्स आपल्या गुंतवणुकीतून अधिक फायदे मिळवा
11045,715323,D2,Agriculture,10.0,आळु अरसाय जातीच्या फुलांच्या झाडांचे एक खाद्य आहे,आलू अरसाई जातीच्या फुलांच्या झाडांचे एक खाद्य आहे
11046,720503,D4,Banking,10.0,आयकर हा एक कर आहे जो एखाद्या व्यक्तीच्या उत्पन्नावर आकारला जातो,आयकर हा एक कर आहे जो एखाद्या व्यक्तीच्या उत्पन्नावर आकारला जातो
11047,707127,D1,Banking,10.0,भारतीय अर्थव्यवस्थेक जगातला विकसनशील अर्थ व्यवस्था म्हटला जाता,भारतीय अर्थव्यवस्थेचे जगातले विकसनशील आर्थिक व्यवस्था म्हटले जाते
11048,713363,D2,Agriculture,10.0,"चहाना मया पिकाडनं साधंसोपं काम नही शे , भलती मेहनत ल्हेनी पडस",मला हे काम करायचे आहे पण त्यासाठी मेहनत झालेली नाही
11049,719260,D4,Agriculture,10.0,बियांचे फायबर आरोग्यासाठी फायदेशीर आहे,बियांचे फायबर आरोग्यासाठी फायदेशीर आहे
11050,712326,D1,Banking,10.0,विमा भरुच्यासाठी सगळयात चागंली कंपनी खयची ?,विम्यासाठी सर्वत्र कंपनीला काय लागते?
11051,714234,D2,Agriculture,10.0,कढीपत्ताना उपेग कढी बाबांना करता आणि फोडणी देवाले करतंस,कढीपत्ता उपेग बाबांना करता आणि फोडणी देवाले करतंस
11052,720349,D4,Agriculture,10.0,आईस्क्रीम शेकचा रस तयार करण्यात स्ट्रॉबेरी चा वापर उपयुक्त आहे,आईस्क्रीम शेकचा रस तयार करताना स्ट्रॉबेरीचा वापर उपयुक्त आहे
11053,711514,D1,Agriculture,10.0,फेरोमेन सापळे टाकूच्या वेळी खयली काळजी घेवूक व्हयी ?,फेरोमेन सापळे टाकायच्या वेळी काळजी घेणे आवश्यक आहे का?
11054,717583,D2,Agriculture,10.0,शेतकऱ्यांना पेरणीसाठी कर्जरुपी आवश्यक भांडवल मिळते का ?,शेतकऱ्यांना पेरणीसाठी कर्जरुपी आवश्यक भांडवल मिळते का?
11055,722886,D4,Agriculture,10.0,उत्पादित खनिज उत्पादने कपडे परिधान कागद प्रकार जाडी आणि वजन होते,उत्पादित खनिज उत्पादने कपडे परिधान कागद प्रकार जाडी आणि वजन होते
11056,708274,D1,Agriculture,10.0,गणेशवेलाक कुंजलता ह्या नावान सुध्दा वोळखतत,गणेशच्या कुटुंबाला या नावावरून सुद्धा ओळखतात
11057,717397,D2,Agriculture,10.0,सूर्यफुलावर बुरशीजन्य रोगाचा प्रादुर्भाव होतो का ?,सूर्यफुलावर बुरशीजन्य रोगाचा प्रादुर्भाव होतो का?
11058,720856,D4,Agriculture,10.0,ऑलिव्ह पारंपारिकपणे भूमध्य समुद्राच्या खोऱ्यात आढळतात,ऑलिव्ह पारंपारिकपणे भूमध्य समुद्राच्या खोऱ्यात आढळतात
11059,710581,D1,Banking,10.0,एक जाणकार उद्योजक अनेक प्रकारच्या उद्योजकतेक प्रोत्साहन देउ शकता,एक जाणकार उद्योजक अनेक प्रकारच्या उद्योजकांना प्रोत्साहन देऊ शकतो
11060,718279,D2,Banking,10.0,ऑनलाईन गुंतवणूक करण्यासाठी प्रक्रिया कशी आहे ?,ऑनलाईन गुंतवणूक करण्यासाठी प्रक्रिया कशी आहे?
11061,722590,D4,Agriculture,10.0,हिरवी वेलची दक्षिण भारतातील पश्चिम घाट भागात पिकवली जाते,हिरवी वेलची दक्षिण भारतातील पश्चिम घाटात पिकवली जाते
11062,710020,D1,Agriculture,10.0,मधमाशींका फुला असलेल्या जागेवर सुद्धा पाळला जाता,मधमाशींका फुला असलेल्या जागेवर सुद्धा पाळला जातो.
11063,714215,D2,Agriculture,10.0,एन.पी.के मझार दानेदार रासायनिक खतस्ना समावेश शे,एन.पी.के मध्ये दाणेदार रासायनिक खतांचा समावेश शेतीमध्ये होतो.
11064,722421,D4,Banking,10.0,दीर्घकालीन भांडवली बाजारात शेअर्स आणि डिबेंचर्स असतात,दीर्घकालीन भांडवली बाजारात शेअर्स आणि डिबेंचर्स असतात
11065,707706,D1,Banking,10.0,"पगार , बोनस आणि कंपनीकडून मिळणारी भरपाई यांचो पण वेतनात समावेश आसा","पगार, बोनस आणि कंपनीकडून मिळणारी भरपाई वेतनात समाविष्ट आहे."
11066,718565,D2,Banking,10.0,छोट्या व्यवसायासाठी मला कर्ज मिळू शकेल का ?,छोट्या व्यवसायासाठी मला कर्ज मिळू शकेल का?
11067,720073,D4,Agriculture,10.0,हिंग हा असा पदार्थ आहे जो मसाल्यांमध्ये वापरला जातो,हिंग हा असा पदार्थ आहे जो मसाल्यांमध्ये वापरला जातो
11068,706738,D1,Banking,10.0,आर्थिक बाजारपेठेसाठी कार्यक्षमतेच्यो अनेक संकल्पना असत,आर्थिक बाजारपेठेसाठी कार्यक्षमतेची अनेक संकल्पना आहेत.
11069,718485,D2,Banking,10.0,कर्ज मिळविण्यासाठी साधारण किती वेळ लागेल ?,कर्ज मिळविण्यासाठी साधारण किती वेळ लागेल?
11070,722076,D4,Agriculture,10.0,माझे वडील स्वच्छ पाण्यात मोत्यांची लागवड करतात,माझे वडील स्वच्छ पाण्यात मोत्यांची लागवड करतात
11071,707493,D1,Banking,10.0,गृह विमो ह्यो मालमत्ता विम्याचा प्रकार आसा,हे गृह मालमत्ता विम्याचा प्रकार आहे.
11072,715608,D2,Agriculture,10.0,ज्यूट चा वापर आपण गोणी आणि दोरी बनवण्यासाठी करतो,आपण ज्यूटचा वापर गोणी आणि दोरी बनवण्यासाठी करतो.
11073,722079,D4,Agriculture,10.0,मी महाराष्ट्रातील बागनी यामी स्वीट्समध्ये आलो आहे,मी महाराष्ट्रातील बागनी यामी स्वीट्समध्ये आलो आहे
11074,710019,D1,Agriculture,10.0,मधमाशांचो मुख्य उपयोग मध तयार करण्यासाठी होता,मधमाशांचा मुख्य उपयोग मध तयार करण्यासाठी होता
11075,714912,D2,Agriculture,10.0,कोरडवाहू शेतीमध्ये सिंचनाशिवाय पिके घेतली जातात,कोरडवाहू शेतीमध्ये सिंचनाशिवाय पिके घेतली जातात
11076,720234,D4,Agriculture,10.0,भोपळा हे कुकुरबिटेसी कुलाचे एक जलद उत्पन्न देणारे पीक आहे,भोपळा ही कुकुरबिटेसी कुळाची एक जलद उत्पन्न देणारी पीक आहे.
11077,706603,D1,Banking,10.0,मागणी कर्ज ह्या अल्प मुदतीची कर्जा असतत,मागणी कर्जे ह्या अल्प मुदतीची कर्जे आहेत
11078,713543,D2,Banking,10.0,सरकारले मियनारा टॅक्सं वर आख्खा देशना ईकासना धोरने ठरावना पडतस,सरकारने देशासाठी एका ठिकाणी कर धोरणे ठरवत आहे.
11079,720019,D4,Agriculture,10.0,प्राण्यांची चरण्याची प्रक्रिया अनेक प्रकारची आहे,प्राण्यांची चरण्याची प्रक्रिया अनेक प्रकारची आहे
11080,710086,D1,Agriculture,10.0,शास्त्रज्ञांच्या मते रबर घर्षणाक विरोध करता,शास्त्रज्ञांच्या मते रबर घर्षणाक विरोध करते
11081,714620,D2,Banking,10.0,ओपनिंग बॅलन्स महिना तीनमहिना नैते एक वरीसना रहास,ओपनिंग बॅलन्ससाठी तीन महिने आणि एक्कावन्न दिवस आहेत.
11082,721378,D4,Banking,10.0,मी माझे काही पैसे वाईनमध्येही गुंतवले आहेत,मी माझे काही पैसे वाईनमध्येही गुंतवले आहेत
11083,710686,D1,Banking,10.0,चेक ही पेमेंट करुसाठी अत्यंत लोकप्रिय अशी नो कॅश पध्दत असा,चेक पेमेंट करण्यासाठी अत्यंत लोकप्रिय नो कॅश पद्धत आहे
11084,715748,D2,Agriculture,10.0,पिक पेरणीसाठी जमिनीला नांगराने नांगरून तयार केल जात,पीक पेरणीसाठी जमिनीला नांगरून तयार केले जात आहे.
11085,719530,D4,Banking,10.0,पॉलिसी धारक सामान्यतः नियमितपणे प्रीमियम भरतो,पॉलिसी धारक सामान्यतः नियमितपणे प्रीमियम भरतो
11086,709070,D1,Agriculture,10.0,रबराच्या एकूण उत्पादनापैकी नव्वद टक्के उत्पादन आशियात होता,रबराच्या एकूण उत्पादनापैकी नव्वद टक्के उत्पादन आशियात होते.
11087,714290,D2,Banking,10.0,वयस्कर लोकेसले बॅकाना खातामा ठेयेल पैसासले कर लागस न्हयी,वयोवृद्ध लोकांनी जे अन्न खावे ते पैसे करावे लागतील का नाही?
11088,720808,D4,Agriculture,10.0,जंगलाची यादी ही त्याचे हर्टवुड आणि सॅपवुडचा प्रकार आहे,जंगलाची यादी ही त्याचे हर्टवुड आणि सॅपवुडचा प्रकार आहे
11089,708045,D1,Banking,10.0,शेअर भांडवल ह्या कॉर्पोरेट कायदा प्रणालीच्या आत येता,शेअर भांडवल कॉर्पोरेट कायदा प्रणालीच्या आत आहे
11090,714983,D2,Banking,10.0,दर म्हणजेच टॅरिफ होय हा बहुतांशी पाच टक्क्यांपर्यंत असतो,"दर म्हणजे टॅरिफ, जो बहुतांशी पाच टक्क्यांपर्यंत असतो."
11091,722204,D4,Agriculture,10.0,परागीभवन हा वनस्पतीं च्या प्रजननाचा एक आवश्यक भाग आहे,परागीभवन हा वनस्पतींच्या प्रजननाचा एक आवश्यक भाग आहे
11092,710112,D1,Agriculture,10.0,सुरेंद्राक इंटरनेटवरना मोहरीचे चांगले जाती सापडले,सुरेंद्रला इंटरनेटवर चांगल्या मोहरीच्या जाती सापडल्या
11093,717097,D2,Banking,10.0,तुमच्याकडे तुमच्या सर्व वाहनांसाठी अंतर विमा आहे का,तुमच्याकडे तुमच्या सर्व वाहनांसाठी अंतर विमा आहे का
11094,721568,D4,Agriculture,10.0,लाकूड मुख्यत्वे स्ट्रक्चरल कामांसाठी वापरले जाते,लाकूड मुख्यत्वे स्ट्रक्चरल कामांसाठी वापरले जाते
11095,711890,D1,Banking,10.0,माझ्या खात्यात पैसो जमा होतत काय ता कसा बगायचा ?,"माझ्या खात्यात पैसे जमा होत आहेत, तर कसे वापरायचे?"
11096,715090,D2,Agriculture,10.0,"भारत , जपान आणि चीनमध्ये आल्याचा वापर जेवण बनविण्यात केला जातो","भारत, जपान आणि चीनमध्ये आल्याचा वापर जेवण बनविण्यात केला जातो"
11097,720938,D4,Agriculture,10.0,कीटक बेसिन मध्य आणि दक्षिण हंगेरीच्या मोठ्या भागात पसरतात,कीटक बेसिन मध्य आणि दक्षिण हंगेरीच्या मोठ्या भागात पसरतात
11098,712459,D1,Banking,10.0,माझ्या कर्जाचा हप्ताची मुदत अजून किती दिवस असा ?,माझ्या कर्जाच्या हप्त्याची मुदत अजून किती दिवस आहे?
11099,716585,D2,Banking,10.0,काही देशांमध्ये करमुक्त क्षेत्रे जोरदारपणे चालतात,काही देशांमध्ये करमुक्त क्षेत्रे जोरदारपणे चालतात
11100,720876,D4,Agriculture,10.0,नव्वद टक्के राज्यांमध्ये भारताची सिंचन क्षमता मजबूत आहे,नव्वद टक्के राज्यांमध्ये भारताची सिंचन क्षमता मजबूत आहे
11101,711496,D1,Agriculture,10.0,माझ्या सूर्यफुलाच्या पिकाक मी खयला खत वापरू ?,मी माझ्या सूर्यफुलाच्या पिकांवर खत वापरू का?
11102,713281,D2,Banking,10.0,तुले नोटवर पंधरा भाषासमा नोटनी किंमत लिखेल भेटी जायी,तुम्हाला नोटवर पंधरा नोटांची किंमत लिहायची आहे आणि भेटायचे आहे.
11103,720070,D4,Agriculture,10.0,ज्वारीचा वापर हृदयासाठी खूप फायदेशीर ठरतो,ज्वारीचा वापर हृदयासाठी खूप फायदेशीर ठरतो
11104,709660,D1,Banking,10.0,वित्तीय मॉडलिंग एक महत्त्वपुर्ण उपकरणाच्या रुपात कार्य करता,वित्तीय मॉडेलिंग एक महत्त्वाच्या उपकरणाच्या रूपात कार्य करते
11105,716459,D2,Agriculture,10.0,कल्टीपॅकरद्वारे लागवड केलेली जमीन देखील सुधारली जाऊ शकते,कल्टीपॅकरद्वारे लागवड केलेली जमीन देखील सुधारली जाऊ शकते
11106,720609,D4,Agriculture,10.0,वेगवेगळ्या जातीच्या मेंढ्या जवळजवळ प्रत्येक देशात आढळतात,वेगवेगळ्या जातीच्या मेंढ्या जवळजवळ प्रत्येक देशात आढळतात
11107,706624,D1,Banking,10.0,कर आकारणीचो उद्देश निधी गव्हर्निंगकरता महसूल वाढवणे ह्या असा,कर आकारणीचा उद्देश निधी गव्हर्न करणे आणि महसूल वाढवणे असे आहे
11108,714951,D2,Banking,10.0,जागतिकीकरण हे आंतरराष्ट्रीय वित्त वृद्धीचे मूळ कारण आहे,जागतिकीकरण हे आंतरराष्ट्रीय वित्त वृद्धीचे मूळ कारण आहे
11109,721970,D4,Agriculture,10.0,नांगराचा वापर खत शिंपडण्यासाठी करता येतो,नांगराचा वापर खत शिंपडण्यासाठी करता येतो
11110,707620,D1,Banking,10.0,तुमका फक्त थोड्या येळेसाठी सापेक्ष परतावो मिळू शकता,तुमचा फक्त थोड्या वर्षांसाठी सापेक्ष परतावा मिळू शकतो.
11111,714968,D2,Agriculture,10.0,डैफोडिल्स चे बियाणे पानगळतीच्या मोसमात पेरले जाते,डॅफोडिलचे बियाणे पानगळतीच्या मोसमात पेरले जाते
11112,720090,D4,Agriculture,10.0,चिटोसन हा तंतुमय पदार्थ असून तो चरबी कमी करण्यास मदत करतो,चिटोसन हा तंतुमय पदार्थ असून तो चरबी कमी करण्यास मदत करतो
11113,710030,D1,Agriculture,10.0,माझे वडील हिवाळ्यात दररोज भरपूर शेंगदाने घेऊन येतत,माझे वडील हिवाळ्यात दररोज भरपूर शेंगदाणे घेऊन येतात.
11114,716390,D2,Agriculture,10.0,मटार हे हिवाळयात घेतले जाणारे सर्वात महत्त्वाचे पीक आहे,मटार हे हिवाळयात घेतले जाणारे सर्वात महत्त्वाचे पीक आहे
11115,719497,D4,Banking,10.0,एच.डी.एफ.सी बँकेत बचत खाते उघडण्यासाठी ऑनलाइन अर्ज करू शकता,एच.डी.एफ.सी बँकेत बचत खाते उघडण्यासाठी ऑनलाइन अर्ज करू शकता
11116,707098,D1,Banking,10.0,"नफा ह्या परिस्थिती , घटना किंवा व्यवहाराचो परिणाम असता","नफा ह्या परिस्थिती, घटना किंवा व्यवहाराचा परिणाम असतो."
11117,715838,D2,Banking,10.0,बचत खात्याला इंग्रजीमध्ये सेविंग अकाउंट म्हटलं जातं,बचत खात्याला इंग्रजीमध्ये सेव्हिंग अकाउंट म्हटले जाते.
11118,718928,D4,Agriculture,10.0,सलादचा वापर अनेकदा सलादच्या सूप सैंडविच मध्ये केला जाते,सलादचा वापर अनेकदा सलादच्या सूप आणि सँडविचमध्ये केला जातो.
11119,709162,D1,Agriculture,10.0,तुमका माहित हा काय शेंगदाण्यान पचन शक्ती वाढता,तुम्हाला माहीत आहे का की शेंगदाण्यांमुळे पचनशक्ती वाढते?
11120,715878,D2,Agriculture,10.0,भारत आणि जगभरात द्राक्षाचे उत्पादन अनेक जातींमध्ये केल जात,भारत आणि जगभरात द्राक्षाचे उत्पादन अनेक जातींमध्ये केले जाते
11121,722786,D4,Agriculture,10.0,बीटरूट सामान्यत उत्तर अमेरिकेत बीट म्हणून ओळखले जाते,बीटरूट सामान्यतः उत्तर अमेरिकेत बीट म्हणून ओळखले जाते
11122,708532,D1,Agriculture,10.0,श्यामच्या कुणग्यात अचानकच कितक्या तरी प्रकारचा रान उगावला,श्यामच्या कुणग्यात अचानकच काही प्रकारचा रान उगावला
11123,716200,D2,Agriculture,10.0,शेवग्याच्या शेंगांना मोरिंगा नावाने पण ओळखल जात,शेवग्याच्या शेंगांना मोरिंगा नावाने पण ओळखले जाते
11124,721793,D4,Agriculture,10.0,जवसाच्या बियांपासूनही तेल काढले जाते,जवळच्या बियांपासूनही तेल काढले जाते
11125,709136,D1,Agriculture,10.0,प्रधानमंत्री पीक योजना पण शेतकऱ्यांसाठी फायदेशीर हा,प्रधानमंत्री पीक योजना पण शेतकऱ्यांसाठी फायदेशीर आहे.
11126,715942,D2,Agriculture,10.0,मधमाशी पालक आघाडीच्या व्यवसायांचे काम करण्याची पद्धत बदलत आहे,मधमाशी पालक आघाडीच्या व्यवसायांचे काम करण्याची पद्धत बदलत आहे
11127,718790,D4,Agriculture,10.0,माझी आई चवळीच्या शेंगांची अतिशय रुचकर भाजी बनवते,माझी आई चवळीच्या शेंगांची अतिशय रुचकर भाजी बनवते
11128,710476,D1,Banking,10.0,साधा व्याज केवळ मूळ रकमेवर शिल्लक रवलेल्या भागावर मोजला जाता,साधे व्याज केवळ मूळ रकमेवर शिल्लक राहिलेल्या भागावर मोजले जाते
11129,716129,D2,Banking,10.0,विना नफा संस्था किंवा धर्मदाय ट्रस्ट ची एक श्रेणी आहे,विना नफा संस्था किंवा धर्मदाय ट्रस्टची एक श्रेणी आहे
11130,720263,D4,Banking,10.0,ट्रॅव्हलर्स चेकमधील जारीकर्ता बिनशर्त देयकाची हमी देतो,ट्रॅव्हलर्स चेकमधील जारीकर्ता बिनशर्त देयकाची हमी देतो
11131,708422,D1,Agriculture,10.0,ब्लूबेरीची झाडा पावसात बहरतत आणि सगळी फळा झडून जातत,ब्लूबेरीचे झाड पावसात बहरत आहे आणि सर्व फळे खाली पडत आहेत
11132,715105,D2,Agriculture,10.0,भारतात सर्वाधिक पाऊस मानसीनराम येथे पडतो,भारतात सर्वाधिक पाऊस मानसीनराम येथे पडतो
11133,722536,D4,Agriculture,10.0,स्पायडर सिल्क हा प्रोटीन फायबर आहे जो कोळी द्वारे काततो,स्पायडर सिल्क हा प्रोटीन फायबर आहे जो कोळीद्वारे तयार करतो
11134,708838,D1,Agriculture,10.0,अळशीच्या बिया सकाळी खाल्ल्यार शरीर स्वस्थ रव्हता राजू,अळशीच्या बिया सकाळी खाल्ल्यास शरीर निरोगी राहते राजू
11135,713282,D2,Banking,10.0,बचत ले गुंतवनुकना माध्यमतीन वाढवता येवू शकस,बचत गुंतवणूक माध्यमांतून वाढवता येऊ शकते.
11136,718721,D4,Banking,10.0,बचत खात्यात के.वाय.सी करणे बंधनकारक आहे अन्यथा खाते बंद केले जाईल,बचत खात्यात के.वाय.सी करणे बंधनकारक आहे अन्यथा खाते बंद केले जाईल
11137,710492,D1,Banking,10.0,स्पॉट मार्केट ह्यो सार्वजनिक आर्थिक बाजार असा,स्पॉट मार्केट हे सार्वजनिक आर्थिक बाजार आहे
11138,715566,D2,Agriculture,10.0,जमनापरी ही भारतातील सगळ्यात मोठ्या शेळ्यांपैकी एक आहे,जमनापरी ही भारतातील सर्वात मोठ्या शेळ्यांपैकी एक आहे
11139,722640,D4,Banking,10.0,हुंडी हे व्यावसायिक व्यवहारातील विनिमयाचे बिल आहे,हुंडी हे व्यावसायिक व्यवहारातील विनिमयाचे बिल आहे
11140,709827,D1,Banking,10.0,कर भरना देशातील प्रत्येक नागरिकांसाठी महत्वपूर्ण काम आसा,कर भरणे देशातील प्रत्येक नागरिकांसाठी महत्त्वाचे काम आहे.
11141,715281,D2,Banking,10.0,आज डॉलर एक पूर्ण विश्वभरात पैशासारखा वापरला जातो,आज डॉलर एक पूर्ण विश्वभरात पैशासारखा वापरला जातो.
11142,721209,D4,Banking,10.0,ऑनलाइन खरेदी करण्यासाठी ग्राहक गुगल पेचा वापर करतात,ऑनलाइन खरेदी करण्यासाठी ग्राहक गुगल पेचा वापर करतात
11143,712292,D1,Banking,10.0,कर्जाक अर्ज करुच्यासाठी वयोमर्यादा काय आसा ?,कर्जाचा अर्ज करण्यासाठी वयोमर्यादा काय आहे?
11144,718517,D2,Banking,10.0,पाणी बिल भरण्याची ऑनलाईन प्रक्रिया सांगाल का ?,पाणी बिल भरण्याची ऑनलाईन प्रक्रिया सांगाल का?
11145,719236,D4,Agriculture,10.0,ओर्गानिक पदार्ताथ आनुवान्सिक रुपात संसोधीत जीव जी.एम.ओ नसतात,ओर्गानिक पदार्थांमध्ये आनुवंशिक रूपात संसोधीत जीवन जीएमओ नसतात
11146,711231,D1,Agriculture,10.0,भाताक पाणी दिवच्यासाठी मी मोटर चालू करू ?,मी भाताक पाणी दिवच्यासाठी मोटर चालू करू का?
11147,717894,D2,Agriculture,10.0,तांदूळ कापण्यासाठी कोणते यंत्र उपलब्ध आहे ?,तांदूळ कापण्यासाठी कोणते यंत्र उपलब्ध आहे?
11148,720534,D4,Agriculture,10.0,तेलबियांचा व्यापार करून सुभाषने चांगला नफा कमावला,तेलबियांचा व्यापार करून सुभाषने चांगला नफा कमावला
11149,710378,D1,Agriculture,10.0,माझी आई टॉमॅटोचा लोणचा बनवता ह्या खाउक पण बरा लागता,"माझी आई टॉमॅटोचा लोणचा बनवते, हे खाणे पण चांगले लागते."
11150,717691,D2,Agriculture,10.0,कापूस कोणत्या हंगामात घ्यायला हवा ?,कापूस कोणत्या हंगामात घ्यायला हवा ?
11151,718859,D4,Agriculture,10.0,पोळ्यामध्ये कामगार मधमाशांची संख्या सर्वाधिक असते,पोळ्यांमध्ये कामगारांच्या मधमाशांची संख्या सर्वाधिक असते.
11152,708059,D1,Agriculture,10.0,शेतात बियाणे पेरूसाठी सीड ड्रिलचो वापर केलो जाता,शेतात पेरूसाठी बियाणे सीड ड्रिलने वापरले जाते.
11153,718187,D2,Banking,10.0,माझा बिजनेस क्रेडिट स्कोअर कितपत बरा आहे ?,माझा बिजनेस क्रेडिट स्कोअर किती चांगला आहे?
11154,721308,D4,Banking,10.0,प्रत्येक प्रकारच्या कंपनी आपले शेअर्स शेअर बाजारात विकतात,प्रत्येक प्रकारची कंपनी आपले शेअर्स शेअर बाजारात विकते
11155,710285,D1,Agriculture,10.0,दादा उद्या बाजारात एम.एस.पी वर धान्य विकला जातला तर आपण दोघवले जाऊयात,दादा उद्या बाजारात एम.एस.पी वर धान्य विकले जात असेल तर आपण दोघेही घेऊया
11156,714327,D2,Banking,10.0,परतेक चलननी स्वीकृतीनी मर्यादा मर्यादित रहास,प्रत्येक चलन आणि स्वीकृतीची मर्यादा मर्यादित ठेवा
11157,720533,D4,Agriculture,10.0,विस्तृत बीन्सची पेरणी सप्टेंबर ते ऑक्टोबर दरम्यान होते,विस्तृत बीन्सची पेरणी सप्टेंबर ते ऑक्टोबर दरम्यान झाली
11158,710558,D1,Banking,10.0,आर्थिक सल्लागारान आणखी नुकसान होण्याची शक्यता वर्तवली असा,आर्थिक सल्लागारांसाठी आणखी नुकसान होण्याची शक्यता वर्तवली आहे
11159,713882,D2,Agriculture,10.0,माले कारला भरता आवडतस म्हणीसन मी कारलाना रस पेस,मला कारला भरता आवडते म्हणून मी कारलाना रस देतो
11160,721459,D4,Banking,10.0,"सरला तुला माहित आहे का , लीव्हरेज कर्जाची गरज कधी असते ?","तुम्हाला माहित आहे का, लीव्हरेज कर्जाची गरज कधी असते?"
11161,710381,D1,Agriculture,10.0,माझ्या बापान आपल्या शेतात भोपळो लावल्यान हा,माझ्या वडिलांनी आपल्या शेतात हे लावले आहे.
11162,714145,D2,Banking,10.0,तुमले एकाधिक बँक फोनवरीन डेबिट कार्ड ब्लॉक करानी परवानगी देस,तुम्हाला एकाधिक बँक फोनवरून डेबिट कार्ड ब्लॉक करण्याची परवानगी द्या.
11163,721660,D4,Banking,10.0,स्टॉक ब्रोकर्सना अनेकदा कमिशन तत्त्वावर पैसे दिले जातात,स्टॉक ब्रोकर्सना अनेकदा कमिशन तत्त्वावर पैसे दिले जातात
11164,710525,D1,Banking,10.0,आजकाल सगळा ऑनलाईन झाल्यामुळा तुका आर्थिक फसवणुकीचो धोको पण असा,आजकाल सर्व काही ऑनलाईन झाल्यामुळे तुला आर्थिक फसवणुकीचा धोका आहे.
11165,714283,D2,Agriculture,10.0,गिरीनहाऊसना उपेग जिमिननी पोत सुधाराना करता कराले जोयजे,गिरीनहाऊसचा उपयोग जिमिननी पोत सुधारण्यासाठी करायला हवे.
11166,719219,D4,Agriculture,10.0,थेट खते अशी आहेत जी फक्त एक प्राथमिक वनस्पती पोषक पुरवतात,थेट खते अशी आहेत जी फक्त एक प्राथमिक वनस्पती पोषक पुरवतात
11167,711320,D1,Agriculture,10.0,मिरचेक तुषार सिंचन वापरला तर काय नुकसान होऊचा नाय मा ?,मिरचेक तुषार सिंचन वापरले तर काय नुकसान होणार नाही?
11168,712995,D2,Banking,10.0,शेअर भांडवलले सोपा भाशामा शेअरमझारली गुंतवणूक आशेबी म्हणतस,शेअर भांडवल सोप्या भाषेत शेअरमझारली गुंतवणूक असे आशेबी म्हणतो
11169,722413,D4,Banking,10.0,तुम्हाला जी.डी.पी मधून दर माहित आहे का ?,तुम्हाला जी.डी.पी मधून दर माहित आहे का?
11170,710650,D1,Agriculture,10.0,खजुराच्या शेतीसाठी रेताळ माती उपयोगी पडता,खजुराच्या शेतीसाठी रेताळ माती उपयोगी पडते.
11171,713949,D2,Agriculture,10.0,हाइड्रोपोनिक्सना वापर करिसन राजू टमाटरनं पीक लेस,राजूचे टोमॅटो हाइड्रोपोनिक्सने पिकवले
11172,719554,D4,Agriculture,10.0,पंजाबी लोकांना सरसोंच्या पानांची भाजी आवडते,पंजाबी लोकांना सरसोंच्या पानांची भाजी आवडते
11173,707349,D1,Banking,10.0,आर्थिक विश्लेषक भविष्यातली अनिश्चिततेवरून सगळा सांगता,आर्थिक विश्लेषक भविष्यातील अनिश्चिततेवरून सर्व काही सांगतो.
11174,715280,D2,Banking,10.0,आज काल आपल्या देशाची आर्थिक प्रणाली भांडवलदार होत चालली आहे,आज आपल्या देशाची आर्थिक प्रणाली भांडवलशाही होत चालली आहे
11175,721911,D4,Banking,10.0,भारतातील वित्त योजना संसदेद्वारे पारित केली जाते,भारतातील वित्त योजना संसदेद्वारे पारित केली जाते
11176,711570,D1,Agriculture,10.0,पिकाचा नुकसान झाला तर तक्रार कशी करूची आणि कोणाकडे करुची ?,पिकाचे नुकसान झाले तर तक्रार कशी करावी आणि कोणाकडे करावी?
11177,713409,D2,Agriculture,10.0,जुना पुराना जमानापायीन जंगल जमीन पानीनं महत्व लागू शे,जुना पुराना जमाना जंगल जमीन पाणी यांचे महत्त्व लागू होते.
11178,719545,D4,Agriculture,10.0,आम्ही अँपपद्वारे हवामानाचा अंदाज सहजपणे करू शकतो,आम्ही ॲपद्वारे हवामानाचा अंदाज सहजपणे करू शकतो
11179,708245,D1,Agriculture,10.0,कीटकनाशक वशधा पिकाक बुरशी पासून वाचयतत,कीटकनाशकाचा वापर पिकांवर बुरशीपासून नियंत्रण करण्यासाठी केला जातो
11180,716804,D2,Banking,10.0,भारताचे अर्थमंत्री हे भारत सरकारमधील कॅबिनेट मंत्री आहेत,भारताचे अर्थमंत्री हे भारत सरकारमधील कॅबिनेट मंत्री आहेत
11181,720175,D4,Agriculture,10.0,"भारतात अंकमली नावाची डुकरं आहेत , त्यांचा रंग काळा आहे","भारतात अंकमली नावाच्या वस्तू आहेत, त्यांचा रंग काळा आहे"
11182,707695,D1,Agriculture,10.0,नाशपती ह्या फळात सगळ्यात जास्त फायबर असता,नाशपाती या फळात सर्वात जास्त फायबर असते
11183,715778,D2,Agriculture,10.0,पेरणीची मशीन पूर्ण शेतामध्ये रांगेत बियाणे पेरते,पेरणीची मशीन पूर्ण शेतामध्ये रांगेत बियाणे पेरते
11184,721450,D4,Banking,10.0,तुम्ही क्रेडिट कार्डने खरेदीसाठी पैसेही देऊ शकता,तुम्ही क्रेडिट कार्डने खरेदीसाठी पैसेही देऊ शकता
11185,710819,D1,Agriculture,10.0,पोळा ही एक बंद रचना असा ज्यामध्ये काही मधमाशे रवतत,पोळा ही एक बंद रचना आहे ज्यामध्ये काही मधमाशी फिरत आहेत
11186,713285,D2,Banking,10.0,तीन महिनाना वर व्हयी गयात नवीन उद्योजकसनी मजुरेसना पगार देल नयी शे,तीन महिन्यांसाठी नवीन उद्योजकाला पगार दिला गेला नवीन शे.
11187,720076,D4,Agriculture,10.0,खिचडीमध्ये काळी मिरी पावडर टाकल्याने खिचडीची चव वाढते,खिचडीमध्ये काळी मिरी पावडर टाकल्याने खिचडीची चव वाढते
11188,708734,D1,Agriculture,10.0,भारतात गावणारी दख्खनी मेंढी वर्षाक पाच किलो लोकर देता,भारतात दक्षिणेकडील मेंढी वर्षाक पाच किलो देते
11189,717130,D2,Agriculture,10.0,हिरवी मिरची पचनक्रिया चांगली ठेवण्यास मदत करते,हिरवी मिरची पचनक्रिया चांगली ठेवण्यास मदत करते
11190,719318,D4,Banking,10.0,तुम्ही एक गैर फायदेशीर क्रेडिट समुपदेशन संस्थेकडून मदत घेऊ शकता,तुम्ही एक गैरफायदेशीर क्रेडिट समुपदेशन संस्थेकडून मदत घेऊ शकता
11191,711783,D1,Agriculture,10.0,माका युरिया खयच्या ऍपवर चांगला आणि कमी दरात भेटात ?,मला युरियाच्या ॲपवर चांगल्या आणि कमी दरात भेट मिळेल का?
11192,715012,D2,Agriculture,10.0,नॉर्डिक देशांमध्ये कॉफीची विक्री सर्वाधिक आहे,नॉर्डिक देशांमध्ये कॉफीची विक्री सर्वाधिक आहे
11193,719019,D4,Agriculture,10.0,गवारच्या शेंगा खाल्ल्याने त्वचेचे आजार बरे होतात,गवारच्या शेंगा खाल्ल्याने त्वचेचे आजार बरे होतात
11194,712014,D1,Banking,10.0,ऑनलाइन अर्ज भरताना चुका जाले तर ते सारके करुक मेळतत काय ?,ऑनलाइन अर्ज भरताना चुका झाल्यास काय होते?
11195,713388,D2,Banking,10.0,सहकारी सोसायट्या धाकला मोठा येवसायले पैसा पुरावतंस,सहकारी सोसायट्यांमध्ये मोठा पैसा आहे
11196,720382,D4,Banking,10.0,अनेकदा पाउंडऐवजी गिनी अकाउंटचे युनिट म्हणून वापरले जाते,अनेकदा पाउंडऐवजी गिनी अकाउंटचे युनिट म्हणून वापरले जाते
11197,711820,D1,Banking,10.0,कर्ज काडुच्यासाठी काय औपचारिकता करुचा पडता ?,कर्जासाठी काय औपचारिकता कराव्या लागतील?
11198,718131,D2,Banking,10.0,डेबिट कार्ड काढण्यासाठी किती फी लागते ?,डेबिट कार्ड काढण्यासाठी किती फी लागते?
11199,720767,D4,Agriculture,10.0,बायोडेग्रेडेबल कचरा सामग्रीसह बायोगॅस तयार केले जाऊ शकते,बायोडेग्रेडेबल कचरा सामग्रीसह बायोगॅस तयार केले जाऊ शकते
11200,712052,D1,Banking,10.0,शेत जमिनीवर कर्ज घेऊचा झाल्यास काय कागदपत्र लागतली ?,शेत जमिनीवर कर्ज घ्यायचे झाल्यास कोणते कागदपत्रे लागतील?
11201,713077,D2,Banking,10.0,बैंकिंग क्षेत्रमा खाता मईन पैसा काडाले नामे म्हनतस,बँकिंग क्षेत्रात खाते आणि पैसे काढणे नावाचा अर्थ आहे
11202,719039,D4,Agriculture,10.0,जमिनीत योग्य खोलीत बी पेरल्यास फायदा होतो,जमिनीत योग्य खोलीत बी पेरल्यास फायदा होतो
11203,712348,D1,Banking,10.0,बँकेच्या खात्याचो कसो बॅलन्स तपासायचो ?,बँकेच्या खात्याचा बॅलन्स कसा तपासायचा?
11204,715986,D2,Agriculture,10.0,माझ्या शाळेतल सगळं फर्निचर टणक लाकडाने बनवल आहे,माझ्या शाळेचे सर्व फर्निचर लाकडाने बनवले आहे
11205,722213,D4,Agriculture,10.0,फळझाडांचे परागण मधमाश्या आणि पक्ष्यांकडून केले जाते,फळझाडांचे परागण मधमाश्या आणि पक्ष्यांकडून केले जाते
11206,710711,D1,Agriculture,10.0,झिला मादी फुलाक सतत पाणी देवक हव्या,झिला मादी फुलांसाठी सतत पाणी देण्याची आवश्यकता आहे
11207,717926,D2,Agriculture,10.0,बोकडाची किंमत किलोग्रॅम प्रमाणे ठरते कि वयाप्रमाणे ?,बोकडाची किंमत किलोग्रॅम प्रमाणे ठरते की वयाप्रमाणे?
11208,719259,D4,Agriculture,9.933,"कॉफी पावडरचा एकच प्रकार आहे , पण ते बनवून अनेक नवीन प्रकार तयार केले जातात","कॉफी पावडरचा एकच प्रकार आहे, पण ते बनवून अनेक नवीन प्रकार तयार केले जातात."
11209,711698,D1,Agriculture,10.0,सूक्ष्म सिंचनाचो उपयोग खयच्या पिकांका करतत ?,सूक्ष्म सिंचनाचा उपयोग खेडाच्या पिकांवर केला जात आहे का?
11210,718267,D2,Banking,10.0,बँक खाते उघडण्यासाठी कोणती कागदपत्रे लागतील ?,बँक खाते उघडण्यासाठी कोणती कागदपत्रे लागतील?
11211,719237,D4,Agriculture,9.923,"बेरी लागवड , द्राक्षमळे , ऑलिव्ह ग्रोव्ह आणि इतर सर्व कायम पिके आहेत","बेरी लागवड, द्राक्षमळे, ऑलिव्ह ग्रोव्ह आणि इतर सर्व कायम पिके आहेत."
11212,706788,D1,Banking,10.0,"कॉर्पोरेशनचो शेअर भांडवल , भांडवली स्टॉक म्हणून ओळखला जाता","कॉर्पोरेशनचे शेअर भांडवल, भांडवली स्टॉक म्हणून ओळखले जाते."
11213,716093,D2,Agriculture,10.0,लाकडाचं उत्पादन झाडांच्या देठात दुय्यम स्वरूपात होत,लाकडाचे उत्पादन झाडांच्या देठात दुय्यम स्वरूपात होते
11214,718967,D4,Banking,9.917,नेटबँकिंगचा युजर आय.डी पासवर्ड विसरला तरी आपण नवा पासवर्ड तयार करू शकतो,नेटबँकिंगचा युजर आय.डी पासवर्ड विसरला तरी आपण नवा पासवर्ड तयार करू शकतो
11215,707411,D1,Banking,10.0,करदात्यांना थेट करांचे ऑनलाइन पेमेंट करना सोप्या पडता,करदात्यांना थेट करांचे ऑनलाइन पेमेंट करणे सोपे पडते
11216,714457,D2,Banking,10.0,रेल्वेने तिकिट काढानी टाईमले डेबिट कार्ड उपेगमा यस का,रेल्वेचे तिकीट काढताना डेबिट कार्ड वापरावे का?
11217,718689,D4,Agriculture,9.917,"सध्या परागकण करणारे मधमाश्या , बंबल बी , ऑर्चर्ड मेसन बीस आहेत","सध्या परागकण करणारे मधमाश्या, बंबल बी, ऑर्चर्ड मेसन बीस आहेत."
11218,707491,D1,Agriculture,10.0,गुलाब पाण्यात दाहकता कमी करणारे गुण असतत,गुलाबाचे पाण्यात दाहकता कमी करणारे गुण होते
11219,713821,D2,Banking,10.0,नेट बँकिंग ना भी पहिला दहा लेनदेण लाऊ शकतस,नेट बँकिंगने देखील पहिले दहा कर्ज घेतले जाऊ शकतात का
11220,721976,D4,Agriculture,9.917,"सबसॉयलरमध्ये तीन जड उभ्या पाय असतात , जे टूलबारला बोल्टसह जोडलेले असतात","सबसॉयलरमध्ये तीन जड उभ्या पाय असतात, जे टूलबारला बोल्टसह जोडलेले असतात."
11221,711494,D1,Agriculture,10.0,माझ्या सूर्यफुलाच्या पिकाक मी खयला खत देवू ?,माझ्या सूर्यफुलाच्या पिकाला मी खत देईन का?
11222,713572,D2,Banking,10.0,ईमा कंपन्या काम करनारा कामगारनी जोखीम ल्हिसन पालिशा काढस,या कंपन्यांमध्ये काम करणाऱ्या कामगारांना जोखीम सहन करावी लागते.
11223,722057,D4,Banking,9.909,विद्यार्थी एस.बी.आय आय.डी.बी.आय बँक आणि बँक ऑफ इंडियाकडून कर्ज घेऊ शकतात,विद्यार्थी एस.बी.आय आय.डी.बी.आय बँक आणि बँक ऑफ इंडियाकडून कर्ज घेऊ शकतात
11224,711744,D1,Agriculture,10.0,शेतकऱ्यांका शेतीसाठी कितक्या पर्यंत कर्ज भेटताला ?,शेतकऱ्यांसाठी शेतीसाठी किती पर्यंत कर्ज मिळते?
11225,716711,D2,Banking,10.0,पे.टी.एमचा वापर बिल पेमेंट आणि रिचार्जसाठी केला जातो,पी.टी.एमचा वापर बिल पेमेंट आणि रिचार्जसाठी केला जातो
11226,721131,D4,Banking,9.909,आर्थिक नियोजन ही एक आवश्यक आणि महत्त्व पूर्ण आर्थिक प्रक्रिया आहे,आर्थिक नियोजन ही एक आवश्यक आणि महत्त्व पूर्ण आर्थिक प्रक्रिया आहे
11227,706520,D1,Banking,10.0,व्याज दर म्हणजे प्रत्येक कालावधीसाठी देय व्याजाची रक्कम,व्याज दर म्हणजे प्रत्येक कालावधीसाठी देय व्याजाची रक्कम
11228,717445,D2,Agriculture,10.0,पावसाळ्यात कोणते बियाणे वापरले पाहिजे ते सांगा,पावसाळ्यात कोणते बियाणे वापरावे हे सांगा
11229,721018,D4,Agriculture,9.909,आंबा एक पौष्टिक फळ आहे जो निरोगी पोषक तत्वांनी भरलेला आहे,आंबा एक पौष्टिक फळ आहे जे निरोगी पोषक तत्वांनी भरलेले आहे
11230,712449,D1,Banking,10.0,माका शेअरसाठी कर्ज काढूचा असा ता मी कसा काढू ?,मला शेअरसाठी कर्ज कसे काढायचे आहे?
11231,713026,D2,Banking,10.0,कॅशलेस पेमेंटना करता सहा आकडी यु.पी.आय नम्बरनी गरज रहास,कॅशलेस पेमेंट करताना सहा आकडी यु.पी.आय नंबरची गरज आहे का?
11232,723417,D4,Agriculture,9.9,मध्यम जमीनीत पराटीचं वान निवडतानी कोनचं वान निवडाले पायजे ?,मध्यम जमिनीवर पराटीचे रोप निवडताना कोणते रोप निवडले?
11233,709924,D1,Banking,10.0,तू मागल्या वेळेस कर्जाच्या जोखमीतून कसो वाचलस,तुम्ही मागील वेळी कर्जाच्या जोखमीतून कसे वागले?
11234,714507,D2,Agriculture,10.0,सरकार आधुनिक शेती करानी करता शेतीना मशिने ईकत लेवाले सांगस,सरकार आधुनिक शेती करण्यासाठी शेतीसाठी मशीनंबद्दल काय सांगते?
11235,718800,D4,Agriculture,9.9,चिंचेची चव गोड आंबट राहते आणी चिंचेची झाडे मोठी आहेत,चिंचेची चव गोड आंबट राहते आणि चिंचेची झाडे मोठी आहेत
11236,710738,D1,Agriculture,10.0,तंबाखूची शेती दरवर्षी केली जाता,तंबाखूची शेती दरवर्षी केली जाते
11237,717393,D2,Agriculture,10.0,कापसासाठी तुषार सिंचनपद्धती योग्य ठरेल का ?,कापसासाठी तुषार सिंचनपद्धती योग्य ठरेल का?
11238,721056,D4,Agriculture,9.9,आवळा व्हिटॅमिन ई आणि व्हिटॅमिन सी चा चांगला स्रोत आहे,आवळा व्हिटॅमिन ई आणि व्हिटॅमिन सी चा चांगला स्रोत आहे
11239,707265,D1,Banking,10.0,डिजिटल इंडिया ह्या भारत सरकारान सुरू केलेली मोहीम असा,डिजिटल इंडिया ही भारत सरकारने सुरू केलेली मोहीम आहे
11240,717832,D2,Agriculture,10.0,तोडणी झाल्यावर ऊस किती वेळात साखर कारखान्यात घेऊन जायला हवा ?,तोडणी झाल्यावर ऊस किती वेळात साखर कारखान्यात घेऊन जावे लागेल?
11241,718729,D4,Banking,9.889,बँक गुप्तता हा बँक आणि ग्राहक यांच्यातील बंदोबस्त आहे,बँक गुप्तता हा बँक आणि ग्राहक यांच्यातील बंदोबस्त आहे
11242,706903,D1,Banking,10.0,डिफर्ड पेमेंटचो मानक ह्या पैशाचो कार्य असा,डिफर्ड पेमेंटच मानक ह्या पैशाचे कार्य आहे
11243,717651,D2,Agriculture,10.0,दोन एकर कांद्यासाठी किती गोणी खत वापरावे ?,दोन एकर कांद्यासाठी किती गोणी खत वापरावे?
11244,720573,D4,Agriculture,9.889,पट्टी नांगरणीतील प्रत्येक पट्टी कमीतकमी पाच इंच रुंद असते,नांगरणीतील प्रत्येक पट्टी कमीतकमी पाच इंच रुंद असते
11245,707008,D1,Banking,10.0,देशाच्यो वित्तीय प्रशासनाक वित्त मंत्रालय जबाबदार असा,देशाचे वित्तीय प्रशासन वित्त मंत्रालयाचे जबाबदार आहे
11246,718407,D2,Banking,10.0,आर.टी.जी.एस करण्यासाठी किती रकमेची मर्यादा आहे ?,आर.टी.जी.एस करण्यासाठी किती रकमेची मर्यादा आहे?
11247,721242,D4,Banking,9.889,रिटर्नचा जोखीम मुक्त दर हा परताव्याचा किमान दर आहे,रिटर्नचा जोखीम मुक्त दर हा परताव्याचा किमान दर आहे
11248,710864,D1,Agriculture,10.0,बैल एका डेयरी फार्मतर्फे बैलांचो कळप म्हणून ठेवता येता,बैल एका डेअरी फार्मकडून बैलांचे कळप म्हणून ठेवता येतात.
11249,716221,D2,Agriculture,10.0,सरकारद्वारे पी.एम कृषी सिंचन योजनेबद्दल जागरुकता पसरवली जात आहे,सरकारद्वारे पी.एम कृषी सिंचन योजनेबद्दल जागरूकता पसरवली जात आहे
11250,720861,D4,Agriculture,9.889,वॉटर फ्रेम ही वॉटर व्हीलद्वारे चालविणारी कताईची चौकट आहे,वॉटर फ्रेम ही वॉटर व्हीलद्वारे चालविणारी कताईची चौकट आहे
11251,710584,D1,Banking,10.0,एकदा ह्यो प्रश्न सुटलो कि फक्त आर्थिक अभियांत्रिकी उरता,एकदा हा प्रश्न सुटला की फक्त आर्थिक अभियांत्रिकी उरले
11252,712680,D2,Banking,10.0,ती सार्वभौम राज्य सरकारना मालकीनी शे,ती सार्वभौम राज्य सरकारचे मालकीचे शेत
11253,718985,D4,Banking,9.889,सध्याची किंमत वर्तमान सवलतीची किंमत म्हणून देखील ओळखली जाते,सध्याची किंमत वर्तमान सवलतीची किंमत म्हणून देखील ओळखली जाते
11254,709332,D1,Agriculture,10.0,आतून लाल रंगाचो दिसनारो पेरू रुचकर असता असा म्हणतत,आतून लाल रंग दिसणार आहे पेरू रुचकर असेल असे म्हणत आहे
11255,715147,D2,Agriculture,10.0,मेंढीच्या दुधाने देखील दुग्धजन्य पदार्थ बनवले जातात,मेंढीच्या दुधाने देखील दुग्धजन्य पदार्थ बनवले जातात
11256,721249,D4,Banking,9.889,परदेशी विमा कंपन्या अपघात विमा बाजारात दाखल झाल्या आहेत,परदेशी विमा कंपन्या अपघात विमा बाजारात दाखल झाल्या आहेत
11257,711969,D1,Banking,10.0,निधी हस्तांतरण करीत आसताना कसली माहिती गरजेची आसा ?,निधी हस्तांतरण करत असताना कोणती माहिती गरजेची आहे?
11258,713489,D2,Agriculture,10.0,निसरगंमा भेटेल तंतूसनागत फायबरना कपडा आख्खा जगदुन्यामा ईकत मियतस,निसर्गामध्ये भेटेल तंतूसनागत फायबरचे कपडे जगभर विणले जातील
11259,720704,D4,Banking,9.875,ऑनलाइन पेमेंट सेवा ऑनलाइन व्यवसाय करण्यास उपयुक्त आहेत,ऑनलाइन पेमेंट सेवा ऑनलाइन व्यवसाय करण्यास उपयुक्त आहेत
11260,712041,D1,Banking,10.0,मोबाईलातसून बँक खात्याची माहिती मेळतली काय ?,मोबाईलवरून बँक खात्याची माहिती मिळाली का?
11261,716954,D2,Banking,10.0,भारतातील बहुतेक श्रीमंत लोक आर्थिक राजधानीत राहणे पसंत करतात,भारतातील बहुतेक श्रीमंत लोक आर्थिक राजधानीत राहणे पसंत करतात
11262,722060,D4,Banking,9.867,"गहाणखत , मुदत , देयकाची रक्कम व वारंवारता व पूर्व देयक असे अनेक प्रकार आहेत","गहाणखत, मुदत, देयकाची रक्कम व वारंवारता व पूर्व देयक असे अनेक प्रकार आहेत."
11263,709302,D1,Banking,10.0,प्राचीन काळात वेगवेगळ्या धातूंपासना नाणी बनवत हुते,प्राचीन काळात वेगवेगळ्या धातूंपासनांनी नाणी बनवली जात होती.
11264,713030,D2,Banking,10.0,आजकाल सामाजिक उद्योजकताना लय चलती मोठी शे,आजकाल सामाजिक उद्योजकतेत मोठी चालली आहे.
11265,720121,D4,Agriculture,9.833,वालुकामय किंवा वालुकामय माती वाळवंटात आढळते,वालुकामय किंवा वालुकामय माती वाळवंटात आढळते
11266,711728,D1,Agriculture,10.0,भारताच्या पश्चिम भागात दरवर्षी पेक्षा कीतको पाऊस कमी पडता ?,भारताच्या पश्चिम भागात दरवर्षी पेक्षा किती पाऊस कमी पडतो?
11267,713844,D2,Agriculture,10.0,आपलं खेतीन उत्पन वाढावा करता पिकेसले हितकारक अस नवीन पोषक तत्वन वापर करा,"आपल्या शेतीचे उत्पादन वाढवण्यासाठी पिके हितकारक आहेत, नवीन पोषक तत्व वापरा."
11268,719866,D4,Banking,9.833,कंपनी चालवण्यासाठी कंपनी फायनान्स आवश्यक आहे,कंपनी चालवण्यासाठी कंपनी फायनान्स आवश्यक आहे
11269,711165,D1,Agriculture,10.0,फवारणी करुची आधुनिक विजेवरती चलतत ती यंत्रा आसत काय ?,फवारणी आधुनिक विजेवरती कशी चालत ती यंत्र आहे काय?
11270,717963,D2,Banking,10.0,ऑफलाइन खाते उघडण्यासाठी कोणती कागदपत्रे लागतील ?,ऑफलाइन खाते उघडण्यासाठी कोणती कागदपत्रे लागतील?
11271,721118,D4,Banking,9.8,ई विमा खाते हा एक प्रकारचा इलेक्ट्रॉनिक विमा खाते आहे,हे विमा खाते एक प्रकारचा इलेक्ट्रॉनिक विमा खाते आहे.
11272,709549,D1,Agriculture,10.0,भाजीपालो आणि फळांचो भरपूर आहार घेतल्यावर रक्तदाब कमी होऊ शकता,भाजीपाला आणि फळांचा भरपूर आहार घेतल्यावर रक्तदाब कमी होऊ शकतो.
11273,718262,D2,Banking,10.0,माझ्या कर्ज हफ्त्याची तारीख काय आहे ?,माझ्या कर्ज हफ्त्याची तारीख काय आहे?
11274,723229,D4,Agriculture,9.5,कोनचे ट्रॅक्टर शेतीसाठी चांगले हाये ?,कोणते ट्रॅक्टर शेतीसाठी चांगले आहेत?
11275,707575,D1,Banking,10.0,डेबिट कार्डाशिवाय पण बँकेतसून पैसो काढूचे मॉप सोयी आसत,डेबिट कार्डाशिवाय पण बँकेतून पैसे काढणे सोयीचे होते
11276,713304,D2,Banking,10.0,राजू तू फोन पे नैते पे.टी.एम ना वापर करस का ?,राजू तू फोन पे पेटीएम का वापरणार नाहीस?
11277,723273,D4,Agriculture,9.5,बुरशीपायी पिकाच्या उत्पादनात कोनचे परीनाम होते ?,बुरशीपायी पिकाच्या उत्पादनात कोणते परिणाम होते?
11278,709534,D1,Banking,10.0,बऱ्याचदा वर्किंग कॅपिटलका डिमांड लोन पण बोलतत,बऱ्याचदा वर्किंग कॅपिटलचे डिमांड लोन पण बोलले जाते.
11279,714102,D2,Agriculture,10.0,आजकाल परतेक मौसममा गाजर भेटी जास,आजकाल प्रत्येक वेळी मौसममा गाजर भेटते
11280,723165,D4,Agriculture,9.5,मातीमंदी शेणखत कोनच्या मइन्यामंधी टाकाव ?,शेणखत मातीमध्ये कोठे टाकावे?
11281,709872,D1,Banking,10.0,गुंतवणूकदार गुंतवणूक केलेल्या पैशांवर व्याज मिळवता,गुंतवणूकदारांना गुंतवलेल्या पैशांवर व्याज मिळते
11282,718614,D2,Agriculture,10.0,रब्बी पिकांचा काळ ऑक्टोबर ते फेब्रुवारी दरम्यान असतो,रब्बी पिकांचा काळ ऑक्टोबर ते फेब्रुवारी दरम्यान असतो
11283,722930,D4,Agriculture,9.5,तुषार सिंचनमंदी एका नोजल मधून किती दुरलोक पाणी फेकते ?,तुषार सिंचनमंदी एका नोजल मधून किती दूर पाणी फेकते?
11284,707236,D1,Banking,10.0,ई विमा खाता अर्जदारांका विनामूल्यो दिला जाता,या विमा खात्यासाठी अर्जदारांना विनामूल्य शुल्क दिले जाते.
11285,718326,D2,Banking,10.0,कर्ज पात्रतेची माहिती पाहिजे आहे ?,कर्ज पात्रतेची माहिती पाहिजे आहे का?
11286,722900,D4,Agriculture,9.5,बाजरी कोनच्या हंगामामंदी लावा लागते ?,बाजरीच्या हंगामामंदी लावायला लागते का?
11287,706801,D1,Banking,10.0,अनुदान ह्या अंतिम घटक अनुदानाद्वारा दिलेला निधी असा,अनुदान हा अंतिम घटक अनुदानाद्वारे दिलेला निधी आहे
11288,712886,D2,Banking,10.0,महेशनी त्याना काकाले सार्वभौमत्वना बारामा इचारं,महेशनी त्यांना काकाले सार्वभौमत्वचे बारा नियम
11289,724177,D4,Banking,9.5,बिम्याचा फारम भरासाठी ऑनलाईन पद्धत सोपी पडन का ?,विम्याचा फॉर्म भरण्यासाठी ऑनलाईन पद्धत सोपी पडेल का?
11290,707596,D1,Banking,10.0,"तुका माहीत हा , युनियन बँकेचे एकशे वीस दशलक्ष ग्राहक आसत","तुम्हाला माहीत आहे, युनियन बँकेचे एकशे वीस दशलक्ष ग्राहक आहेत."
11291,717251,D2,Banking,10.0,सचिन कर्ज घेण्यापूर्वी कर्जाचा तपशील काळजीपूर्वक तपासतो,सचिन कर्ज घेण्यापूर्वी कर्जाचा तपशील काळजीपूर्वक तपासतो
11292,723479,D4,Agriculture,9.5,धान्य काढल्यानंतर प्लॅस्टीक पोत्यात काऊन ठेवू नये ?,धान्य काढल्यानंतर प्लॅस्टिकच्या पोत्यात कसे ठेवावे?
11293,707842,D1,Agriculture,10.0,भारतात गोड्या पाण्यातल्या चिंगूळ शेतीवर सबसिडी देतत,भारतात गोड्या पाण्यातल्या चिंगूळ शेतीवर सबसिडी दिली जात आहे
11294,712842,D2,Banking,10.0,रिझर्व्ह बँक ऑफ इंडिया तात्काय पेमेंटनी सेवा पुरावस,रिझर्व्ह बँक ऑफ इंडियाच्या पेमेंट सेवांचे पुरावे
11295,723486,D4,Agriculture,9.5,शेतकर्याइपर्यंत ऑनलाईन शेतीचं मार्गदर्शन कस पोहोचन ?,शेतकर्यांपर्यंत ऑनलाईन शेतीचे मार्गदर्शन कसे पोहोचते?
11296,708565,D1,Agriculture,10.0,सेंद्रिय शेतीतसुन पैशाची बाजू घट जावकच पिका घेतली जातत,सेंद्रिय शेतीत पैशाची बाजू घटते आणि पिके घेतली जात आहेत.
11297,717229,D2,Banking,10.0,रमेश ने बँकेत जाऊन त्याचे डेबिट कार्ड ब्लॉक केले होते,रमेशने बँकेत जाऊन त्याचे डेबिट कार्ड ब्लॉक केले होते
11298,723781,D4,Banking,9.5,मी रूमचा किराया रूम मालकाले ऑनलाईन कसा पाठवू ?,मी रूमचा किराया रूम मालकाला ऑनलाईन कसा पाठवू?
11299,707426,D1,Agriculture,10.0,कांदा हे उच्च स्तरीय डोमेन नाव हा ज्याचो विशेष वापर आसा,कांदा हे उच्च स्तरीय डोमेन नाव आहे ज्याचा विशेष वापर आहे
11300,715418,D2,Banking,10.0,कविताला एका मुलाखतीमध्ये विना नफा निधी बद्दल विचारले,कविताला एका मुलाखतीमध्ये विना नफा निधी बद्दल विचारले
11301,724019,D4,Banking,9.5,मले कितीक मईन्यासाठी पैसे गुंतवता येईन ?,मला कशासाठी किती पैसे गुंतवता येतील?
11302,712524,D1,Agriculture,10.0,इतर खयचोबी देशापरिस भारत ह्यो केळीचो सर्वात मोठा उत्पादक आसा,इतर देशांमध्ये भारत सर्वात मोठा उत्पादक आहे
11303,714832,D2,Agriculture,10.0,आधुनिक सिंचन पद्धतीत पाण्याचा चांगला वापर केला जातो,आधुनिक सिंचन पद्धतीत पाण्याचा चांगला वापर केला जातो
11304,724080,D4,Banking,9.5,मले कपड्याच्या दुकानात क्रेडिट कार्ड वापरता येईन का ?,मला कपड्याच्या दुकानात क्रेडिट कार्ड वापरता येईल का?
11305,711019,D1,Banking,10.0,वेळेवर पैशे भरुसाठी बँकेकडना चक्रवाढ व्याज आकारला जाता,वेळेवर पैसे भरण्यासाठी बँकेकडून चक्रवाढ व्याज आकारले जाते.
11306,714694,D2,Banking,10.0,चार्टर्ड अकाऊंटले कायदानं ज्ञानबी रहास का,तुम्हाला चार्टर्ड अकाउंटन्सीचे किती ज्ञान आहे का
11307,723344,D4,Agriculture,9.5,मक्याच्या पिकाची लागवड कशी करा लागन ?,मक्याच्या पिकाची लागवड कशी करावी?
11308,710345,D1,Agriculture,10.0,बाजारात शेतीची अवजारा आरामात मिळतत,बाजारात शेतीची उत्पादने आरामात मिळत आहेत
11309,714488,D2,Agriculture,10.0,विनोवर मशिनकन धान्य भुसामझारथून आल्लग करता येस,विनोवर मशीनने धान्य भुसामझारथून अलगड करता येते का
11310,723292,D4,Agriculture,9.5,गव्हाच्या पिकाले हवामान कस पायजे ?,गव्हाच्या पिकांसाठी हवामान कसे असेल?
11311,710219,D1,Agriculture,10.0,कोथिंबीरीच्या पानात आणि बियांत भरपूर विटामीन असता,कोथिंबीरीच्या पानांमध्ये आणि बियांत भरपूर जीवनसत्त्व असते
11312,715253,D2,Agriculture,10.0,"अंकुरित होणे , एक प्रक्रिया आहे ज्यामध्ये बी लावल जाता",अंकुरित होणे ही एक प्रक्रिया आहे ज्यामध्ये बी लावले जातात
11313,723497,D4,Agriculture,9.5,मिरची लागवड कोनच्या हंगामात चांगली राहीन ?,मिरची लागवड कोणत्या हंगामात चांगली राहील?
11314,708454,D1,Agriculture,10.0,माज्या घरात मी पाळलल्या गाईंपासना दूध मेळता,माझ्या घरात मी गाई पाळल्या आणि त्यांच्यापासून दूध गोळा केले
11315,717911,D2,Agriculture,10.0,द्राक्ष व स्ट्रॉबेरी फळाची साठवण उत्तम प्रकारे कशी करता येईल ?,द्राक्ष व स्ट्रॉबेरी फळाचे साठवण उत्तम प्रकारे कसे करता येईल?
11316,723577,D4,Agriculture,9.5,बंदीस्त शेळी पालनाची मायती कुठून मिळू सकन ?,बंदीस्त शेळी पालनाची माहिती कुठून मिळू शकेल?
11317,708160,D1,Banking,10.0,अटल पेन्शन योजनेअंतर्गत आता ग्राहकांका करसवलत सुद्दा मिळू शकतली,अटल पेन्शन योजनेअंतर्गत आता ग्राहकांना करसुविधा मिळू शकते.
11318,718532,D2,Banking,10.0,यू.पी.आय सेवेद्वारे आपल्याला बँकचे व्यवहार करता येतात का ?,यू.पी.आय सेवांद्वारे आपल्याला बँकेचे व्यवहार करता येतात का?
11319,723038,D4,Agriculture,9.5,हिवाळ्यात मक्याच्या पिकाची उगवन शक्ती कमी काऊन होते ?,हिवाळ्यात मक्याच्या पिकाची उगवण्याची शक्ती का कमी होते?
11320,707352,D1,Banking,10.0,आवर्ती ठेव खात्याचो लोक मुदत ठेवी सारखो उपयोग करतत,आवर्ती ठेव खात्याचे लोक मुदत ठेवी वापरत आहेत
11321,717268,D2,Agriculture,10.0,कापूस पिकावर बोंडअळी पडू नये म्हणून कोणती उपाययोजना करावी ?,कापूस पिकावर बोंडअळी पडू नये म्हणून कोणती उपाययोजना करावी?
11322,724236,D4,Banking,9.5,मले माया खात्यातून पैसे कसे गुंतवता येईन ?,मला माया खात्यातून पैसे कसे गुंतवता येतील?
11323,708940,D1,Banking,10.0,वेळेक पुर्ण करना आपल्या सेविंगवरचो लाभ मिळवूक फायदेशीर असता,वेळेत पूर्ण करणे आपल्या बचतीवरचा लाभ मिळवणे फायदेशीर असते.
11324,714117,D2,Banking,10.0,व्यवसाय मा पैसा पुरवासाठे भांडवल नी रचना म्हणतस,"व्यवसायासाठी पैसा, पुरवठा आणि भांडवल तसेच रचना लागते."
11325,723929,D4,Banking,9.5,के.वाय.सी साठी मले कोंते कागद लागन ?,के.वाय.सी साठी मला किती कागद लागतात?
11326,708176,D1,Agriculture,10.0,आपल्या देशात निरनिराळ्या प्रकारचे पशू सापडतत,आपल्या देशात निरनिराळ्या प्रकारचे पशू आढळतात
11327,715472,D2,Agriculture,10.0,कोरड्या शेतीला ड्रायर लँड फार्मिंग पण म्हंटलं जातं,कोरड्या शेतीला ड्रायर लँड फार्मिंग पण असे म्हटले जाते.
11328,722760,D4,Agriculture,9.5,"गाजर ही मूळ भाजी आहे , सामान्यत केशरी रंगाची","गाजर ही मूळ भाजी आहे, सामान्यतः केशरी रंगाची"
11329,711726,D1,Agriculture,10.0,हरभराच्या शेतात खयचा आणि केवढया मापात खत घालुक व्हया ?,हरभऱ्याच्या शेतात आणि या भागात खत घातले आहे का?
11330,716596,D2,Banking,10.0,बहुतेक व्यापारी दिवसाच्या व्यापारात पैसे गमावतात,बहुतेक व्यापारी दिवसाच्या व्यापारात पैसे गमावतात
11331,721551,D4,Agriculture,9.5,वनशेती म्हणजे उच्च मूल्य असलेल्या विशेष पिकांची लागवड,वनशेती म्हणजे उच्च मूल्य असलेल्या विशेष पिकांची लागवड
11332,708271,D1,Banking,10.0,खुपशे लोक प्रत्यक्ष जमा खात्याक पेरोलाक जोडतत,खूपसे लोक प्रत्यक्ष जमा खात्याला पेरोलाक जोडत आहेत
11333,712625,D2,Banking,10.0,पारतिनिधिक पैसासनी सुरवात चीन पासून व्हयनी,प्रमाण पैसेची सुरुवात चीनमधून आहे
11334,719079,D4,Banking,9.5,शिक्षिकेने मोबाईलवरून यू.पी.आय चा वापर करून फी जमा केली,शिक्षिकेने मोबाईलवरून यू.पी.आय चा वापर करून फी जमा केली
11335,709735,D1,Agriculture,10.0,समुद्रात गावनारी प्रजाती तेवीस टक्के मोलस्क मध्ये येतत,समुद्रात गावनारी प्रजाती तेवीस टक्के मोलस्क आहेत
11336,713118,D2,Banking,10.0,बचत खाता मा पैसा ठेवामुडे त्यानावर व्याज चांगलं भेटस,बचत करून पैसा ठेवावा तर त्यावर चांगले व्याज मिळते
11337,722702,D4,Banking,9.5,"मासिक हप्ते , डेबिट कसे कार्य करते","मासिक हप्ते, डेबिट कसे कार्य करते?"
11338,708448,D1,Agriculture,10.0,"मगर संरक्षणासाठी , कमीत कमी दोन फटके मारता",परंतु संरक्षणासाठी कमीत कमी दोन फटके मारावे लागतात
11339,715388,D2,Banking,10.0,ऑफशोर बँक आंतरराष्ट्रीय बँकिंग लायसन्स ने चालवल्या जातात,ऑफशोर बँका आंतरराष्ट्रीय बँकिंग लायसन्स चालवतात
11340,719119,D4,Agriculture,9.5,"महिला कामगार मधमाश्यांप्रमाणे , ड्रोनमध्ये डंक नसतात",महिला कामगार मधमाश्यांप्रमाणे ड्रोनमध्ये डंक नसतात
11341,709494,D1,Agriculture,10.0,पशुधन ह्या शेतीच्या वातावरणात वाढलेला पाळीव प्राणी असत,पशुधन हे शेतीच्या वातावरणात वाढलेले पाळीव प्राणी असतात.
11342,712859,D2,Banking,10.0,पेमेंट सेवाना उपेग करी मोबाईल फोनवरी पैसा ट्रान्स्फर करतस,पेमेंट सेवेचा उपयोग मोबाईल फोनवरून पैसे ट्रान्सफर करत आहे
11343,723355,D4,Agriculture,9.5,मोसंबी वरचा नाग रोग रोखा साठी उपाव का हाये ?,मोसंबीचा नाग रोगासाठी उपाव का आहे?
11344,708927,D1,Banking,10.0,माझ्या भागतला चहाचा दुकान पण एक छोटो व्यापार हा,माझ्या भावाचे चहाचे दुकान पण एक छोटे व्यापार आहे
11345,713580,D2,Agriculture,10.0,शेवगानं झाड उनायाना हंगाममा चांगलं उगस आनी पुढे गनच वरीस टिकस,शेवगनात झाड उन्हाळ्याच्या हंगामात चांगले उगवते आणि पुढे अनेक वर्ष टिकते.
11346,723504,D4,Agriculture,9.5,कोरडवाहू पराटीच्या कोनच्या जाती हाये ?,कोरडवाहू पराटीच्या कोणत्या जाती आहेत?
11347,708760,D1,Agriculture,10.0,हिंगाची शेती प्रामुख्यान अफगाणिस्तानात होता,हिंगाची शेती प्रामुख्याने अफगाणिस्तानात होती.
11348,714000,D2,Agriculture,10.0,शहरमा गरीब लोक आपला घरे चालावाणासाठे झाडे लावतस,शहरात गरीब लोक आपले घर बांधत आणि झाडे लावत आहेत.
11349,723115,D4,Agriculture,9.5,शेती कामाले लहान ट्रॅक्टर परवडीनं की मोठं ?,शेतीचे काम करण्यासाठी लहान ट्रॅक्टर की मोठा?
11350,710620,D1,Banking,10.0,कार्ड ब्लॉक करुसाठी बँकेच्या जवळच्या शाखेत संपर्क करा,कार्ड ब्लॉक करण्यासाठी बँकेच्या जवळच्या शाखेत संपर्क करा
11351,713229,D2,Banking,10.0,ए.टी.एम मुये एकमेकले पैसा धाडा नं काम सोपं व्हयी जायेल शे,ए.टी.एम म्हणजे पैसे काढणे सोपे होईल.
11352,723286,D4,Agriculture,9.5,कारल्याचा वेल मंडप कायचा करावा लागन ?,कारल्याचा वेल मंडप काय करायचा लागला?
11353,708761,D1,Agriculture,10.0,पाण्याच्या अती शोषणामुळा पर्यावरणीय प्रक्रिया होतत,पाण्याच्या शोषणाने पर्यावरणीय प्रक्रिया होत आहे
11354,715100,D2,Banking,10.0,भारतात बँकेत कर्मचारी भरतीसाठी बँक परीक्षा घेतली जाते,भारतात बँकेत कर्मचारी भरतीसाठी बँक परीक्षा घेतली जाते
11355,722926,D4,Agriculture,9.5,संत्र्याच्या बागीचाले पयलं पानी पट दिलं त चालन का ?,संत्र्याच्या बागेतील पाण्याने पट दिलं तर काय चालणार?
11356,710222,D1,Agriculture,10.0,खजूर बायकांच्या प्रजननसंस्थेक चांगलो करता,खजूर बायकांच्या प्रजननसंस्थेक चांगले करता
11357,716208,D2,Banking,10.0,संपत्ती कर त्या लोकांसाठी असतो जे प्रॉपर्टी डीलर असतात,संपत्ती त्या लोकांसाठी असते जे प्रॉपर्टी डीलर असतात
11358,723056,D4,Agriculture,9.5,मोसंबी पीक मोठ्या बाजारपेठेत विकाले नेनं परवडन का ?,मोसंबी पीक मोठ्या बाजारपेठेत विकले तर ते परवडले का?
11359,707910,D1,Banking,10.0,मी एका फाउंडेशनसाठी बिना नफ्याचा पण काम केलय आसय,मी एका फाउंडेशनसाठी नफ्याशिवाय पण काम करायचे आहे.
11360,714064,D2,Agriculture,10.0,पुरना परिणाम हाऊ वावरससाठे चांगला आणि वाईटबी शे,पुराना परिणाम चांगला आणि वाईट आहे.
11361,724222,D4,Banking,9.5,माय वय सोळा वर्ष हाय त मले बचत खात काढता येईन का ?,माझे वय सोळा वर्ष आहे तर मला बचत खाते काढता येईल का?
11362,706436,D1,Banking,10.0,घसारा येकाच संकल्पनेच्यो दोन पैलूंचा संदर्भ देता,घसारा या संकल्पनेचे दोन पैलूंचा संदर्भ देतो
11363,714450,D2,Agriculture,10.0,राजूनी भांगन बिवारं चांगलं धोयीन सुखाडी टाकं,राजूचे भांडे चांगले धुऊन ठेवा
11364,723803,D4,Banking,9.5,मले दहा हजार प्रमाण मईन्याले कर्ज भेटन का ?,मला दहा हजार प्रमाण कर्ज मिळते का?
11365,710624,D1,Banking,10.0,काही वर्षाआधी आमच्या कंपनीचा दिवाळा निघाला होता,काही वर्षाआधी आमच्या कंपनीचा दिवाळा निघाला होता
11366,713196,D2,Agriculture,10.0,मांगला चायीस वरीस मा कागद ना वापर वाढना तसा झाडे कमी व्हयनात,"मांगले की वारसासाठी मला कागदपत्रे लागतील, त्यांचा वापर वाढल्यामुळे झाडे कमी होत आहेत."
11367,723260,D4,Agriculture,9.5,संत्र्याच्या पिकाले शेनखत किती टन अस कस टाकाले पायजे ?,संत्र्याच्या पिकांचे किती टन आहे आणि कसे मोजले पाहिजे?
11368,706884,D1,Banking,10.0,बँकनोट ह्या बँक किंवा इतर परवानाधारक प्राधिकरणान बनविली असा,बँकनोट ही बँक किंवा इतर परवानाधारक प्राधिकरणे बनवली गेली असा.
11369,716364,D2,Agriculture,10.0,भारताच्या ईशान्य आणि दक्षिण भागात चहाचे उत्पादन अधिक होते,भारताच्या ईशान्य आणि दक्षिण भागात चहाचे उत्पादन अधिक होते
11370,723239,D4,Agriculture,9.5,रब्बी हंगामाच्या पिकाचे नावं कोनचे ?,रब्बी हंगामातील पिकांची नावे कोणती?
11371,706560,D1,Banking,10.0,वित्त ह्या अनेक शैक्षणिक विषयांमध्ये अभ्यासला जाता,वित्त हे अनेक शैक्षणिक विषयांमध्ये अभ्यासला जातो.
11372,712967,D2,Banking,10.0,सुरेशनी टाटा कंपनीना शेअर्समझार गुंतवणूक कराना इचार करा,सुरेशनी टाटा कंपनीच्या शेअर बाजारात गुंतवणूक करा
11373,723536,D4,Agriculture,9.5,घाटे अळी साठी कोनची दवाई वापरा लागन ?,अळीसाठी कोणती औषध वापरावे लागेल?
11374,707651,D1,Banking,10.0,त्येंका चीनच्या आर्थिक राजधानीशी जवळीक साधुची आसा,त्याचे चीनच्या आर्थिक राजधानीशी जवळीक आहे
11375,713392,D2,Agriculture,10.0,गुलाबना आनी झेंडूना फुले कोनती जमीनमा चांगला येतस ?,गुलाब आणि झेंडूचे फुले कोणत्या जमिनीवर चांगले येतात?
11376,723923,D4,Banking,9.5,कर्ज माया खात्यामंधून कटलं हाय का ?,कर्जाची रक्कम खात्यातून कपात झाली आहे का?
11377,707233,D1,Banking,10.0,"त्यानंतर , दहा लीफ चेकबुकवर काही शुल्क अधिक जी.एस.टी आकारलो जाता",त्यानंतर दहा लीफ चेकबुकवर काही शुल्क आणि जी.एस.टी आकारले गेले.
11378,717056,D2,Banking,10.0,कराचा आर्थिक परिणाम म्हणजे गरिबांनाही रोजगार मिळाला,कराचा आर्थिक परिणाम म्हणजे गरिबांनाही रोजगार मिळाला
11379,720705,D4,Banking,9.5,माझी प्रिय मैत्रीण महक चार्टर्ड अकाउंटंट आहे,माझी प्रिय मैत्रीण महक चार्टर्ड अकाउंटंट आहे
11380,707202,D1,Banking,10.0,अनेक जोखीम प्रतिरोधी व्यक्ती कर बचत एफ.डी खाता वापरतत,अनेक जोखीम प्रतिरोधी व्यक्ती बचत एफ.डी खाते वापरत आहेत
11381,714955,D2,Banking,10.0,जोगिंदरचे एच.डी.एफ.सी सारख्या वित्तीय संस्थेत खाते आहे,जोगिंदरचे एच.डी.एफ.सी सारख्या वित्तीय संस्थेत खाते आहे
11382,723283,D4,Agriculture,9.5,संत्र्याच्या झाडामंदी कोनचे रोटावेटर करावे ?,संत्र्याच्या झाडामंदी कोणते रोटावेटर करावे?
11383,707367,D1,Banking,10.0,"उधार दिलेल्या मूल्यावर व्याज दर असता , असा पूजा सांगत होता",उधार दिलेल्या मूल्यावर व्याज दर असता असा पूजा सांगत होता
11384,716755,D2,Banking,10.0,मी अनेक कंपन्यांची फेसबुक आणि ट्विटर खाती सांभाळतो,मी अनेक कंपन्यांची फेसबुक आणि ट्विटर खाती सांभाळतो
11385,723104,D4,Agriculture,9.5,पराटीचे पानं डोन्यासारखे काऊन होते ?,पराटीची पाने खालच्यासारखी कशा होतात?
11386,708398,D1,Agriculture,10.0,फणस सगळ्यात जास्ती दक्षिण आशियात मेळता,फणस सर्वात जास्त दक्षिण आशियात आढळते
11387,714092,D2,Agriculture,10.0,झाडूसले चांगली जागा आणि चांगला दर्जानी प्रजनन जोयजे,झाडाला चांगली जागा आणि चांगले प्रजनन होवो.
11388,723199,D4,Agriculture,9.5,जमीन नांगराले कोनचं अवजार वापरा लागन ?,जमिनीसाठी कोणते अवजारे वापरावे लागतील?
11389,706769,D1,Banking,10.0,क्रेडिट रिस्क म्हणजे कर्जावर डिफॉल्ट होण्याचो धोका,क्रेडिट रिस्क म्हणजे कर्जावर डिफॉल्ट होण्याचा धोका
11390,717000,D2,Agriculture,10.0,केळीचे फूल आणि केळीचा पत्ता या दोन भिन्न गोष्टी आहेत,केळीचे फूल आणि केळीचा पत्ता या दोन भिन्न गोष्टी आहेत
11391,723526,D4,Agriculture,9.5,सादा कास्तकार ठिंबक सिंचन वापरू शकते का ?,साध्या शेतकऱ्याला ठिंबक सिंचन वापरता येते का?
11392,709234,D1,Banking,10.0,"दादा , गावात राष्ट्रीय ग्रामीण आजिविका मिशन मधना काम करतंय","दादा, गावात राष्ट्रीय ग्रामीण आजिविका मिशनमध्ये काम करत आहेत."
11393,717165,D2,Agriculture,10.0,आपण आपल्या आहारात सूक्ष्म पोषक घटकांचा समावेश केला पाहिजे,आपण आपल्या आहारात सूक्ष्म पोषक घटकांचा समावेश केला पाहिजे
11394,722896,D4,Agriculture,9.5,जवारीचं पीक कोनच्या हंगामात घेता येते ?,जवारीचे पीक कोणत्या हंगामात घेतले जाते?
11395,707515,D1,Agriculture,10.0,जंगलतोडीनं जगभरातील भूप्रदेश मोठ्या प्रमाणात बदलवून टाकले आसत,जंगलतोडीमुळे जगभरातील भूप्रदेश मोठ्या प्रमाणात बदलले.
11396,717524,D2,Agriculture,10.0,द्राक्षे काढल्यावर बागेची छाटणी किती दिवसात करावी ?,द्राक्षे काढल्यावर बागेची छाटणी किती दिवसात करावी?
11397,723401,D4,Agriculture,9.5,कोनचं पशुखाद्य जास्त दुध वाढवू शकन ?,कोणत्या पशुखाद्याने जास्त दूध वाढवता येईल?
11398,707566,D1,Banking,10.0,डब्ल्यू.आई.पी.ओ चो मुख्य प्रशासक पण महासभेव्दारे निवडलो जाता,डब्ल्यू.आई.पी.ओ मुख्य प्रशासक महासभेद्वारे निवडला गेला.
11399,715076,D2,Agriculture,10.0,ब्रॉयलर कोंबड्या अंडे आणि मांस साठी पाळल्या जातात,ब्रॉयलर कोंबड्या अंडी आणि मांसासाठी पाळल्या जातात
11400,723658,D4,Banking,9.5,"मी फरवरी मईन्यात कितीक पैसा खर्च केला , हे मले कसे पायता येईल ?","मी फेब्रुवारी महिन्यात किती पैसा खर्च केला, हे मला कसे कळेल?"
11401,706493,D1,Banking,10.0,भविष्यातलो बाजार ह्यो येक केंद्रीय आर्थिक विनिमय असा,भविष्यात बाजार ही एक केंद्रीय आर्थिक विनिमय आहे.
11402,715688,D2,Banking,10.0,दिव्यांग विम्या ची सुरुवात केव्हा झाली होती ?,दिव्यांग विम्याची सुरुवात कधी झाली होती?
11403,723564,D4,Agriculture,9.5,"सोंडे , घुंग पिकाले लागू नये म्हनून का कराच पायजे ?","सोंडे, घुंग पिकाले लागू नये म्हणून का करायचे पाहिजे?"
11404,710879,D1,Banking,10.0,भारतात ई.पी.एफ.ओ रिटायर्डमेंट संबंधित नियम कायद्यावर देखरेख करता,भारतात ई.पी.एफ.ओ रिटायर्डमेंट संबंधित नियम कायद्यावर देखरेख करतो.
11405,715734,D2,Agriculture,10.0,पशूपालन प्रजातींची श्रेणी वेगवेगळ्या प्रकारची असते,पशूपालन प्रजातींची श्रेणी वेगवेगळ्या प्रकारची असते
11406,723068,D4,Agriculture,9.5,जवारीच्या पिकाचं वैधानिक नाव का हाये ?,जवारीच्या पिकाचे वैधानिक नाव का आहे?
11407,709489,D1,Agriculture,10.0,धान्याची पिका सुकल्यावर ती कापून गाड्यात भरली जातात,धान्याची पिके सुकल्यावर ती कापून गाड्यात भरली जातात
11408,712685,D2,Banking,10.0,दिल्लीमा आमदारस्ना पगार वाढावतीन आशे पेपरमझार लिखेल व्हतं,दिल्लीत आमदार लोकांचे पगार वाढतील अशी आशा आहे की पेपरमध्ये लिहिले जाईल.
11409,723666,D4,Banking,9.5,पैसे पाठवासाठी आर.टी.जी.एस करन हेच सोप रायते का ?,पैसे पाठवण्यासाठी आर.टी.जी.एस.च सोपे आहे का?
11410,710458,D1,Banking,10.0,शेयर बाजारात गेल्यावरच कंपनीन गुंतवणुकीचो विचार करूक हवो,शेअर बाजारात गेल्यावरच कंपनीच्या गुंतवणुकीचा विचार करावा
11411,715401,D2,Banking,10.0,कमिशन साठी नियमन नंतर डे ट्रेडिंग ने लोकप्रियता मिळवली आहे,कमिशनसाठी नियमन नंतर डे ट्रेडिंगने लोकप्रियता मिळवली आहे
11412,723558,D4,Agriculture,9.5,सबसिडीवर ट्रॅक्टर मिळवायले का करा लागन ?,सबसिडीवर ट्रॅक्टर मिळवण्यासाठी काय करावे लागते?
11413,707884,D1,Agriculture,10.0,माझ्या काकांका नैसर्गिक शेती करूंक आवडता,माझ्या काकांका नैसर्गिक शेती करायला आवडते.
11414,715009,D2,Banking,10.0,नियामक आणि बजेट तयार करणे हे अर्थ मंत्रालयाचे मुख्य कार्य आहे,नियामक आणि बजेट तयार करणे हे अर्थ मंत्रालयाचे मुख्य कार्य आहे
11415,723204,D4,Agriculture,9.5,येक टन संत्रे तोडाले किती मजूर लागन ?,एक टन संत्रे तोडण्यासाठी किती मजूर लागतील?
11416,710654,D1,Banking,10.0,खयचो तरी शेयरहोल्डर तुका चांगल्या किंमतीत शेयर विकु शकता,तरीही शेअरहोल्डर्स तुम्हाला चांगल्या किंमतीत शेअर्स विकू शकतात.
11417,712579,D2,Banking,10.0,युनिफाईड पेमेंट इंटरफेसना उपेग तात्काय पैसा भराणा करता करतस,युनिफाईड पेमेंट इंटरफेसचा उपयोग तात्काळ पैसे भरण्यासाठी करत आहे
11418,723474,D4,Agriculture,9.5,सगळ्याइसाठी शेततळे ह्या योजनेची सुरुवात कवा झाली ?,सर्वांसाठी ह्या योजनेची सुरुवात कधी झाली?
11419,706851,D1,Banking,10.0,गहाणखत ह्या सामान्य कायद्याचो कायदेशीर साधन असा,गहाणखत हे सामान्य कायद्याचे कायदेशीर साधन आहे
11420,716580,D2,Banking,10.0,खातेधारक म्हणून लोक इतर आर्थिक सेवा उपभोगण्याची अधिक शक्यता असते,खातेधारक म्हणून लोकांना इतर आर्थिक सेवा उपभोगण्याची अधिक शक्यता असते
11421,723609,D4,Banking,9.5,मायाजवळचे पैसे मी हर मइन्यात बँकेत येऊन भरू सकतो का ?,मी माझ्याकडील पैसे बँकेत जाऊन भरू शकतो का?
11422,708495,D1,Agriculture,10.0,रेशमाच्या किड्यांका तुतीची रोगट पाना खावन आजार जातत,रेशमाच्या किड्यांकामुळे तुतीची रोगट पाने खाऊन आजार जात आहे.
11423,713563,D2,Agriculture,10.0,केयनं फूल आनी खोडपायीन जडीबुटीन्या वस्तू तयार करता येतीस,तुम्ही फुले आणि औषधी वनस्पतींपासून वस्तू तयार करू शकता का?
11424,723601,D4,Banking,9.5,मले शिकायले कर्ज घ्याच असन तर कुठ अर्ज करा लागन ?,मला शिकायचे असेल कर्ज घ्यायचे असेल तर कुठे अर्ज करावा लागेल?
11425,709256,D1,Banking,10.0,काही चार्टड अकाउटंट सार्वजनिक अभ्यासाक लागले हत,काही चार्टड अकाउटंट सार्वजनिक अभ्यासात आले आहेत
11426,715896,D2,Agriculture,10.0,भारतातील शेतकरी देशाच्या जी.डी.पी चा महत्वपूर्ण भाग आहे,भारतातील शेतकरी देशाच्या जी.डी.पीचा महत्त्वपूर्ण भाग आहेत
11427,719441,D4,Banking,9.5,तुम्हाला बहुतेक ए.टी.एम बँकांच्या आत सापडतील,तुम्हाला बहुतेक ए.टी.एम बँकांच्या आत सापडतील
11428,709312,D1,Banking,10.0,काही कर्मचारी श्रेय घेउक चुकिचे रस्ते निवडतत,काही कर्मचारी श्रेय घेण्याकरिता चुकिचे रस्ते निवडत आहेत
11429,715300,D2,Agriculture,10.0,आम्लीकरण एजंट शरीरामध्ये पित्ताच्या प्रमाणाला वाढवते,आम्लीकरण एजंट शरीरामध्ये पित्ताच्या प्रमाणाला वाढवते
11430,720445,D4,Banking,9.5,भारताची आर्थिक व्यवस्था देखील उद्योग पतींवर अवलंबून आहे,भारताची आर्थिक व्यवस्था देखील उद्योग पतींवर अवलंबून आहे
11431,708004,D1,Banking,10.0,लिबर्टी बैंक म्यूचुअल सेविंग बैंकेचा उदाहरणं आसा,लिबर्टी बँक म्युच्युअल सेव्हिंग बँकेचे उदाहरण आहे
11432,714803,D2,Agriculture,10.0,"अन्न आणि कृषी संघटनेच्या मते , एकोणीस खाद्य सुपाऱ्या आहेत",अन्न आणि कृषी संघटनेच्या मते एकवीस खाद्यसुपाऱ्या आहेत
11433,722408,D4,Banking,9.5,डेबिट म्हणजे बँकेतून पैसे काढण्याची प्रक्रिया,डेबिट म्हणजे बँकेतून पैसे काढण्याची प्रक्रिया
11434,709055,D1,Banking,10.0,गॅप विम्यासून कर्जाच्या रकमेक कवर करतत,गॅप विम्यासून कर्जाच्या रकमेला कव्हर करत आहे
11435,714163,D2,Agriculture,10.0,शेतकरीसना आंदोलनना पाहिरे राजू दिल्ली जायेल व्हता,"राजूने शेतकऱ्यांचे आंदोलन पाहिले, म्हणून तो दिल्लीला जाईल."
11436,721463,D4,Banking,9.5,बहुतेक विकसित देशांमध्ये मोठ्या प्रमाणात कर करार आढळतात,बहुतेक विकसित देशांमध्ये मोठ्या प्रमाणात कर करार आढळतात
11437,709248,D1,Banking,10.0,नाव सांग आणि जन्मतारीख वेबसाईटवर टाकल्यार बचन खात्याचो प्रकर निवड,नाव सांगा आणि जन्मतारीख वेबसाईटवर टाका आणि बचन खात्याचा प्रकार निवडा
11438,713677,D2,Agriculture,10.0,वावरना बांधवर माल ईकानी येवस्था कवय व्हयी ?,वावरना बांधवर माल एकाने येवस्था कवी?
11439,720904,D4,Agriculture,9.5,लसणाचा वापर स्वयंपाकात मोठ्या प्रमाणावर केला जातो,लसणाचा वापर स्वयंपाकात मोठ्या प्रमाणावर केला जातो
11440,708365,D1,Agriculture,10.0,पश्मीना ह्यो एक बऱ्यापैकी घटमुट आणि तलमसो लोकरीचो प्रकार आसा,पश्मीना हे एक बऱ्यापैकी घटमुट आणि तलमसो लोकरीचा प्रकार आहे.
11441,715908,D2,Banking,10.0,भारतामध्ये डिजिटल पैशाला घेऊन बराच वादी वाद चालला होता,भारतामध्ये डिजिटल पैशाबाबत बरेच वाद झाले होते
11442,723324,D4,Agriculture,9.5,रब्बी हंगामातल्या पिकाइची तयारी कशी कराव ?,रब्बी हंगामातील पिकांची तयारी कशी करावी?
11443,707073,D1,Banking,10.0,राखून ठेवलेला कमाईक प्लॉबॅक असा सुद्धा म्हणतत,राखून ठेवलेला कमाईचा प्लॅन असा सुद्धा म्हणत आहे
11444,712618,D2,Banking,10.0,मुकेश अंबानी चांगला वाटस त्या उद्योगमा सीड मनी गुताडतस,मुकेश अंबानी त्या उद्योगात चांगले वाटतात आणि ते सीड मनी देत आहेत
11445,722891,D4,Agriculture,9.5,मिर्चीच्या पिकाले कोनता हंगाम चांगला रायते ?,मिर्चीच्या पिकासाठी कोणता हंगाम चांगला आहे?
11446,708793,D1,Agriculture,10.0,सध्याच्या काळात इंस्टंट चाय लोका मोप वापरतत,सध्याच्या काळात इंस्टंट चहाचे लोक मोप वापरत आहेत
11447,716743,D2,Agriculture,10.0,भारत हा जगातील सर्वात मोठा दूध उत्पादक देश आहे समजले मुलांनो,भारत हा जगातील सर्वात मोठा दूध उत्पादक देश आहे समजले मुलांनो
11448,722950,D4,Agriculture,9.5,मॅग्नेशयम ह्या खतापायी पिकाले कोनचा फायदा होते ?,मॅग्नेशियम या पानांवर पिकांना कोणता फायदा होतो?
11449,708923,D1,Banking,10.0,तुमका माहित असा काय धन कराक संपत्ती कर पण म्हणतत ?,तुम्हाला काय माहीत आहे ते धन आणि संपत्ती तुम्ही करत आहात पण काय म्हणत आहात?
11450,713659,D2,Agriculture,10.0,पिकसनी कापनी व्हवावर धान्य निंघस तोपावत शेतकरीले गनज कामे करना पडतस,शेतकऱ्यांनी अनेक कामे करावी लागतात धान्य पिकवताना कापणी करून तोपावे लागते.
11451,723573,D4,Agriculture,9.5,शेतीच्या अवजाराईवर राज्य शासनाची काई सबसीडी रायते का ?,शेतीच्या अवजारांवर राज्य शासनाची सबसिडी का देते?
11452,709536,D1,Agriculture,10.0,बहुतेकवेळा सागरी शेतीमुळा वस्तीचा कमीत कमी नाश होता,बहुतेक वेळा सागरी शेतीमुळा वस्तीचा कमीत कमी नाश झाला होता.
11453,715068,D2,Banking,10.0,बर का मित्रा आपण कुठल्याही बँकेत डिजिटल पगार व बचत खाते लगेच उघडू शकतो,आपण कुठल्याही बँकेत डिजिटल पगार व बचत खाते लगेच उघडू शकतो.
11454,723588,D4,Banking,9.5,आर.टी.जी.एस करतांनी चेक असनं जरुरीच हाय का ?,आर.टी.जी.एस द्वारे चेक नसणे आवश्यक आहे का?
11455,710163,D1,Banking,10.0,इंडियन बँकेत तुका नेट बँकिंगसाठी ऑनलाईन लॉगइन करुचा लागतला,मला इंडियन बँकेत नेट बँकिंगसाठी ऑनलाईन लॉगइन करावे लागले.
11456,714986,D2,Banking,10.0,दुकानात येणारे सर्व ऑनलाइन देणी जोगिंदर बचत खात्यात जमा करतो,दुकानात येणाऱ्या सर्व ऑनलाइन देण्या जोगिंदरच्या बचत खात्यात जमा करतो
11457,720040,D4,Agriculture,9.5,भारतात आणि जगभरात कृषी उद्योगाची बाजारपेठ बरीच मोठी आहे,भारतात आणि जगभरात कृषी उद्योगाची बाजारपेठ बरीच मोठी आहे
11458,707130,D1,Banking,10.0,चलनवाढ म्हणजे तुमचा चलनाचो प्रति युनिट खर्च करुची शक्ती कमी करणा,चलनवाढ म्हणजे तुमचा चलन प्रति युनिट खर्च करण्याची शक्ती कमी करणे
11459,715368,D2,Agriculture,10.0,एग फळ खाल्ल्याने आपल्या शरीराची रोगप्रतिकारक क्षमता वाढते,अंडी खाल्ल्याने आपल्या शरीराची रोगप्रतिकारक क्षमता वाढते
11460,721794,D4,Agriculture,9.5,आवळेचा वापर लोणचे बनवण्यासाठी केला जातो,आवळेचा वापर लोणचे बनवण्यासाठी केला जातो
11461,708671,D1,Agriculture,10.0,उत्पादन वाढवूक ढोरांका योग्य प्रमाणात चारो देऊक व्हयो,उत्पादन वाढवूक योग्य प्रमाणात द्यावे
11462,713931,D2,Banking,10.0,तुमी आर.बी.आय ना पोर्टलले दखीसन सरकारना करले ईकू शकतस,तुम्ही आर.बी.आयच्या पोर्टलवरून सरकारसाठी काही करू शकता का?
11463,723587,D4,Banking,9.5,दोन लाख आर.टी.जी.एस करतांनी कितीक चार्ज कापला जाईन ?,दोन लाख आर.टी.जी.एसचे किती शुल्क कापले जाईल?
11464,711063,D1,Banking,10.0,सरकार महसुलाचो उपयोग सामाजिक कल्याणकारी योजनेत करता,सरकार महसुलाचा उपयोग सामाजिक कल्याणकारी योजनेत करते
11465,716575,D2,Banking,10.0,डायरेक्ट क्रेडिट ही खात्यातील इलेक्ट्रॉनिक ठेव आहे,डायरेक्ट क्रेडिट ही खात्यातील इलेक्ट्रॉनिक ठेव आहे
11466,719242,D4,Agriculture,9.5,प्राचीन कॉफीच्या जंगलात त्याचा वारसा शोधू शकतो,प्राचीन कॉफीच्या जंगलात त्याचा वारसा शोधू शकतो
11467,708000,D1,Banking,10.0,लहान व्यवसाय म्हनज्ये ज्यामध्ये कमी भांडवल गुंतवला जाता,लहान व्यवसाय म्हणजे ज्यामध्ये कमी भांडवल गुंतवले जाते.
11468,714752,D2,Agriculture,10.0,दुधीनी लागवड कोणता महिनामा करेल चांगली रहास,दुधीनी लागवड कोणता महिना चांगला आहे?
11469,723179,D4,Agriculture,9.5,जमिनीची उपज टिकून ठेवासाठी कोनचं खत टाकू ?,जमिनीची उपज टिकवून ठेवण्यासाठी कोणते खत टाकू?
11470,709986,D1,Banking,10.0,बँकेवाल्यांका बोनस बँकेचो फायदो बघून दिलो जाता,बँकेवाल्यांका बोनस बँकेचे फायदे बघून दिले जातात.
11471,715704,D2,Agriculture,10.0,"धान्याला वाळवून साठवून ठेवल जात , वाळलेल धान्य खराब होत नाही",धान्य वाळवून साठवले तर ते खराब होत नाही
11472,721796,D4,Agriculture,9.5,आज मी माझ्या गुरांना चरायला खूप दूर नेले,आज मी माझ्या गुरांना चरायला खूप दूर नेले
11473,709348,D1,Banking,10.0,इंटरनेट बॅन्किंग करूक पण तू व्यवहार खात्याचो नंबर टाकू शकतंस,इंटरनेट बँकिंग करता येते पण तुम्ही व्यवहार खात्याचा नंबर टाकू शकता
11474,714770,D2,Banking,10.0,बँकमा वैयक्तिक खातं काढानी टाईमले पॅनकार्ड आवश्यक शे का ?,बँकेत वैयक्तिक खाते काढण्यासाठी पॅनकार्ड आवश्यक आहे का?
11475,720708,D4,Banking,9.5,गुंतवलेल्या भांडवलाला पूर्ण परतावा लागू होतो,गुंतवलेल्या भांडवलाला पूर्ण परतावा लागू होतो
11476,706927,D1,Banking,10.0,एन.ई.एफ.टी प्रणाली रिझर्व्ह बँक ऑफ इंडिया द्वारा राखली जाता,एन.ई.एफ.टी प्रणाली रिझर्व्ह बँक ऑफ इंडिया द्वारे राखली जाते
11477,713989,D2,Banking,10.0,एप्रिलम्हा शक्यतो पेंशन थोडा कमी टाईमम्हा खातावर इजातीन,"एप्रिलमध्ये शक्यतो पेंशन थोडी कमी करावी, ज्यामुळे खात्यावर नुकसान होईल."
11478,719589,D4,Agriculture,9.5,आंध्र प्रदेश हा भारतातील सर्वात मोठा कोको उत्पादक आहे,आंध्र प्रदेश हा भारतातील सर्वात मोठा कोको उत्पादक आहे
11479,707912,D1,Banking,10.0,मी बँकेत जाऊन माझ्या लाभारतीयांका हटवू शकतय काय ?,मी बँकेत जाऊन माझ्या नोंदी हटवू शकतो का?
11480,715180,D2,Banking,10.0,वित्तीय संस्था आपल्या देशात चलन विनिमय हाताळतात,वित्तीय संस्था आपल्या देशात चलन विनिमय हाताळतात
11481,720559,D4,Agriculture,9.5,"उष्णकटिबंधीय रेशीम शेती संशोधन म्हैसूर , भारत येथे आहे","उष्णकटिबंधीय रेशीम शेती संशोधन म्हैसूर, भारत येथे आहे."
11482,706761,D1,Banking,10.0,एखादा कंपनी कर्ज रोखा असलेलो बाँड सुद्धा जारी करू शकता,एखादे कंपनी कर्ज रोखा असले तरी ती सुद्धा बाँड जारी करू शकते
11483,716406,D2,Banking,10.0,सुरक्षित कर्जावरील व्याजदर असुरक्षित कर्जापेक्षा कमी असतो,सुरक्षित कर्जावरील व्याजदर असुरक्षित कर्जापेक्षा कमी असतो
11484,720501,D4,Banking,9.5,भारत सरकारने अनेक राष्ट्रीय विमा योजनाही चालवल्या आहेत,भारत सरकारने अनेक राष्ट्रीय विमा योजनाही चालवल्या आहेत
11485,710612,D1,Banking,10.0,कर्ज करारावर दोन्ही पक्ष परस्पर संमतीन स्वाक्षरी करतत,दोन्ही पक्ष परस्पर संमतीने करारावर स्वाक्षरी करत आहेत
11486,713914,D2,Banking,10.0,आर्थिक सुधारणाथून सरकार लोकेसले बिनव्याजी कर्ज उपलब्ध करी देस,आर्थिक सुधारणांमुळे सरकार लोकांना बिनव्याजी कर्ज उपलब्ध करेल.
11487,718981,D4,Banking,9.5,असंघटित कामगारांसाठी भारत सरकारने अटल पेन्शन योजना आणली आहे,असंघटित कामगारांसाठी भारत सरकारने अटल पेन्शन योजना आणली आहे
11488,707753,D1,Agriculture,10.0,पैसो आणि येळ वाचवूसाठी शेतकरी ह्या टेंडर मशीन खरेदी करता,शेतकऱ्यांनी पैसे आणि तेल वाचवण्यासाठी ते टेंडर मशीन खरेदी केली
11489,716640,D2,Agriculture,10.0,वाळलेल्या झाडाचे लाकूड वापरून जंगलतोड थांबवली जाऊ शकते,वाळलेल्या झाडाचे लाकूड वापरून जंगलतोड थांबवली जाऊ शकते
11490,721138,D4,Banking,9.5,इन्स्टंट डिजिटल पे कंपनीत काम करणारे लोक वापरतात,इन्स्टंट डिजिटल पे कंपनीत काम करणारे लोक वापरतात
11491,709123,D1,Agriculture,10.0,शीर्शपाद अंतरांग संहति आणि प्रावार हे मोलस्कचे प्रकार हत,शीर्शपाद अंतरांग संहति आणि प्रावार हे मोलस्कचे प्रकार आहेत
11492,714854,D2,Agriculture,10.0,उत्तर भारतात गाई आणि म्हशींना कपिला पशुखाद्य दिले जाते,उत्तर भारतात गाई आणि म्हशींना कपिला पशुखाद्य दिले जाते
11493,719389,D4,Banking,9.5,तुमचा लाइफ इन्शुरन्स देखील वैयक्तिक वित्त अंतर्गत येतो,तुमचा लाइफ इन्शुरन्स देखील वैयक्तिक वित्त अंतर्गत येतो
11494,707477,D1,Banking,10.0,खयच्या प्रकारचे कंपने पाळीव प्राण्यांचो विमा देतत ?,खयच्या प्रकारची कंपने पाळीव प्राण्यांना विमा देत आहेत का?
11495,714035,D2,Banking,10.0,अनामिकानी चुकीना जागावर निवेश करामुये तोटा व्हयना,चुकीच्या ठिकाणी निवेश केल्यामुळे तोटा होतो.
11496,724163,D4,Banking,9.5,फिक्स डिपॉझिट केल्यावर कितीक टक्क्यान व्याज भेटते ?,फिक्स डिपॉझिट केल्यावर किती टप्प्यांत व्याज मिळते?
11497,708729,D1,Agriculture,10.0,खत ह्या साधारण सिंचन केलेल्या वृक्षारोपणातागतच रव्हता,हे पत्र साधारण सिंचन केलेल्या वृक्षारोपणातागतच आहे.
11498,714539,D2,Banking,10.0,क्रेडिट कार्ड वापरावर कित्ला पैसा सरनात हाई समजस का,क्रेडिट कार्ड वापरावर किती पैसा समजतो का
11499,720803,D4,Agriculture,9.5,बांबू लागवड पो.ए.सी च्या गवत कुटुंबाशी संबंधित आहे,बांबू लागवड पो.ए.सी च्या गवत कुटुंबाशी संबंधित आहे
11500,707184,D1,Banking,10.0,नवीन व्हिसा डेबिट कार्ड सक्रिय करणा ह्या एक जलद आणि सोपो काम असा,नवीन व्हिसा डेबिट कार्ड सक्रिय करणे हे एक जलद आणि सोपे काम आहे
11501,715923,D2,Banking,10.0,भारतीय रिझर्व बँक ची धोरणे आर्थिक सुधारणेसाठी बनवली जातात,भारतीय रिझर्व्ह बँक ची धोरणे आर्थिक सुधारणेसाठी बनवली जातात
11502,722087,D4,Agriculture,9.5,माझे पूर्वज अनेक वर्षे शेती करून उदरनिर्वाह करतात,माझे पूर्वज अनेक वर्षे शेती करून उदरनिर्वाह करतात
11503,708129,D1,Banking,10.0,सेवा क्षेत्र ह्यो अर्थव्यवस्थेचो लय उपयोगाचो प्रकार आसा,सेवा क्षेत्र हे अर्थव्यवस्थेचा उपयोग प्रकार आहे
11504,712807,D2,Agriculture,10.0,तोंडल्यांसनी शेती उष्ण हवामानमा करतस,उष्ण हवामानामुळे शेती केली जाते.
11505,719482,D4,Agriculture,9.5,टरबूजच्या बियांमध्ये कॅलरी कमी आणि पोषक तत्वे भरपूर असतात,टरबूजच्या बियांमध्ये कॅलरी कमी आणि पोषक तत्वे भरपूर असतात
11506,709212,D1,Agriculture,10.0,सुर्यफुला नेहमी सुर्याच्या दिशेनेच असतत,सूर्यफुले नेहमी सूर्याच्या दिशेनेच असतात.
11507,716277,D2,Banking,10.0,स्टॉक बाजारात शेवटच्या वेळी वाढ केव्हा झाली होती ?,स्टॉक बाजारात शेवटच्या वेळी वाढ केव्हा झाली होती?
11508,722458,D4,Banking,9.5,बिलावर दुकानाचे नाव किंवा जी.एस.टी संख्या असावी,बिलावर दुकानाचे नाव किंवा जी.एस.टी संख्या असावी
11509,709760,D1,Banking,10.0,ऑनलाइन निधी हस्तांतरण सुरक्षित करुसाठी आर.बी.आय नईन नियम लागू करता हा,ऑनलाइन निधी हस्तांतरण सुरक्षित करण्यासाठी आर.बी.आयने नवीन नियम लागू केले आहेत
11510,713968,D2,Agriculture,10.0,"स्प्रेडर , हनी वैगण हाई मशीन वावरमा खत फेकाना काममा वापरतस","स्प्रेडर, हनी वैगण हाई मशीन वापरून खत फेकण्याचे काम केले जाते."
11511,720043,D4,Agriculture,9.5,देशाच्या कोपऱ्या पर्यंत शेतीचा विस्तार पसरला आहे,देशाच्या कोपऱ्यांपर्यंत शेतीचा विस्तार पसरला आहे
11512,708906,D1,Banking,9.923,डिपॉसिट स्लिप डाउनलोड कर ह्येका फक्त नगद जमा करुचो फॉर्म भरान चेक कर,डिपॉसिट स्लिप डाउनलोड करा. फक्त नगद जमा करण्याचा फॉर्म तपासा.
11513,716473,D2,Banking,10.0,वस्तुची किंमत त्याच्यावर होणाऱ्या खर्चावर अवलंबून असते,वस्तुची किंमत त्याच्यावर होणाऱ्या खर्चावर अवलंबून असते
11514,724186,D4,Banking,9.5,यू.पी.आय न मले माया खरेदीचे पैसे देता येईन का ?,मी यू.पी.आय वापरून खरेदीचे पैसे देऊ शकेन का?
11515,706673,D1,Banking,9.917,परकीय चलन सेवा अनेक बँका आणि तज्ञ विदेशी चलन दलाल प्रदान करतत,परकीय चलन सेवा अनेक बँका आणि तज्ञ विदेशी चलन दलाल प्रदान करतात
11516,716857,D2,Agriculture,10.0,यंदा बाजारात लिंबाच्या भावात मोठी वाढ झाली आहे,या वर्षी बाजारात लिंबाच्या भावात मोठी वाढ झाली आहे
11517,724039,D4,Banking,9.5,क्यू.आर कोडनं किती रुपयापर्यंत पैसे पाठोता येते ?,क्यूआर कोडने किती रुपयांपर्यंत पैसे पाठवता येतात?
11518,712013,D1,Banking,9.917,ऑनलाइन अर्ज करताना पैशे लागतत काय आनी कसलो धोको आसा काय ?,ऑनलाइन अर्ज करताना किती पैसे लागतात आणि काय धोका आहे का?
11519,715719,D2,Banking,10.0,नैतिक बँक चांगल्या दरावर घरासाठी पण कर्ज देते,नैतिक बँक चांगल्या दरावर घरासाठी पण कर्ज देते
11520,721064,D4,Agriculture,9.5,सरकारने कृषी पतपुरवठ्याशी संबंधित अनेक योजना आणल्या आहेत,सरकारने कृषी पतपुरवठ्याशी संबंधित अनेक योजना आणल्या आहेत
11521,706786,D1,Banking,9.909,"भांडवलाचो तीन स्रोत आसत , दीर्घकालीन , मध्यम मुदती आणि अल्पकालीन","भांडवलाचे तीन स्रोत आहेत, दीर्घकालीन, मध्यम मुदती आणि अल्पकालीन."
11522,715218,D2,Banking,10.0,सात आकडी एम.एम.आय.डी नंबरचा उपयोग करुन अलाभार्थीला पैसे पाठवले गेले,सात आकड्या एम.एम.आय.डी नंबरचा उपयोग करून अलाभार्थीला पैसे पाठवले गेले
11523,722605,D4,Banking,9.5,आयकर प्रणाली एकूण कर दायित्व कमी करणारी वजावट प्रदान करते,आयकर प्रणाली एकूण कर दायित्व कमी करणारी वजावट प्रदान करते
11524,710128,D1,Agriculture,9.909,आपण सगळे भारतीय थोडी थोडी झाडा लावान वनीकरणाक प्रोत्साहन देव शकतव,आपण सर्व भारतीय थोडी थोडी झाडाला वनीकरणाचे प्रोत्साहन देऊ शकतो.
11525,715666,D2,Banking,10.0,तुम्ही या वेळी व्याज कव्हरेज गुणोत्तर बरोबर काढले आहे का ?,तुम्ही या वेळी व्याज कव्हरेज गुणोत्तर बरोबर काढले आहे का?
11526,720003,D4,Banking,9.5,लोकांचे भांडवल गोळा करा आणि लोकांना कर्ज द्या,लोकांचे भांडवल गोळा करा आणि लोकांना कर्ज द्या
11527,712106,D1,Banking,9.909,यू.पी.आय सेवेतून आम्ही पैसे पाठव किंवा पैसे घेऊ शकतू काय ?,यू.पी.आय. सेवेतून आम्ही पैसे पाठवू किंवा पैसे घेऊ शकतो का?
11528,713752,D2,Banking,10.0,उनले भांडवलनी टक्केवारी म्हणीसन नफा आणि नोटामा मोजमाप शे,"त्यांचे भांडवल टक्केवारी, नफा आणि नोटांचे मोजमाप शे"
11529,722134,D4,Banking,9.5,मलाही बँकेतून घरासाठी कर्ज घ्यायचे आहे,मलाही बँकेतून घरासाठी कर्ज घ्यायचे आहे
11530,712024,D1,Banking,9.909,आयुष्यमान भारत योजने खातिर अर्ज करूच्या खातिर काय करुक होया ?,आयुष्यमान भारत योजनेसाठी अर्ज करण्याकरिता काय करावे?
11531,712874,D2,Banking,10.0,आनलाईन लेवादेवाना सुरक्सा करता ब्यांक पासवर्डना उपेग करतंस,तुम्ही ऑनलाईन सुरक्षा करण्यासाठी बँकेचे पासवर्ड वापरत आहात
11532,721340,D4,Banking,9.5,प्रत्येक क्रेडिट कार्डचे बिलिंग चक्र भिन्न असू शकते,प्रत्येक क्रेडिट कार्डचे बिलिंग चक्र भिन्न असू शकते
11533,707047,D1,Banking,9.909,"फी सहसा ओव्हरहेड , वेतन , खर्च आणि मार्कअपसाठी परवानगी देता","फी सहसा ओव्हरहेड, वेतन, खर्च आणि मार्कअपसाठी परवानगी देता"
11534,715806,D2,Agriculture,10.0,प्राण्यांचा आहार संतुलित तसेच पौष्टिक असला पाहिजे,प्राण्यांचा आहार संतुलित तसेच पौष्टिक असला पाहिजे
11535,722273,D4,Banking,9.5,स्टेट बँक ऑफ इंडियाच्या चेकबुकमध्ये सर्वाधिक चेक आहेत,स्टेट बँक ऑफ इंडियाच्या चेकबुकमध्ये सर्वाधिक चेक आहेत
11536,706418,D1,Banking,9.9,कर्ज मंजूरीनंतर लवकरच तुम्ही तुमच्यो खात्यात कर्ज जमा करू शकता,कर्ज मंजूरीनंतर लवकरच तुम्ही तुमच्या खात्यात कर्ज जमा करू शकता
11537,714536,D2,Agriculture,10.0,हुकवरी मासा धरानी एक पध्दत शे,हुकवरी मासा धरण्याची एक पद्धत आहे
11538,719220,D4,Agriculture,9.5,सतत अतिशोषणामुळे संसाधनांचा अपव्यय होऊ शकतो,सतत अतिशोषणामुळे संसाधनांचा अपव्यय होऊ शकतो
11539,708978,D1,Banking,9.9,संदर्भ व्याजाचो तो दर असता जेच्या आधारावर मोबदल्याचो दर ठरता,संदर्भ व्याजाचा तो दर असतो ज्याच्या आधारावर मोबदल्याचा दर ठरतो
11540,712727,D2,Banking,10.0,सुरेंदर वयना पंचवीससावा वरीसले पैसा कमाडाले मुंबई गया,"सुरेंदरचे वय पंचवीस वर्ष आहे, त्याने पैसे कमावले आणि मुंबईला गेला."
11541,719301,D4,Banking,9.5,पी.एन.बी एक मोबाइल एप उघडा आणि तुमच्या क्रेडेन्शियल्ससह लॉग इन करा,पी.एन.बी एक मोबाईल ॲप उघडा आणि तुमच्या क्रेडेन्शियल्ससह लॉग इन करा
11542,709524,D1,Agriculture,9.889,फळ किंवा फळझाडांची पध्दतशीर लागवड प्रसार किंवा संगोपन असा,फळ किंवा फळझाडांची पद्धतशीर लागवड प्रसार किंवा संगोपन आहे
11543,712719,D2,Agriculture,10.0,कृषी जलमा जनावरसले देवानं पाणीबी येस,कृषीसाठी जलमा जनावरंसाठी देवानं पाणी आवश्यक आहे.
11544,721324,D4,Banking,9.5,युद्ध करार हे सरकारद्वारे जारी केलेले कर्ज रोखे असतात,युद्ध करार हे सरकारद्वारे जारी केलेले कर्ज रोखे असतात
11545,706394,D1,Banking,9.889,आर्थिक नियमन ह्या नियमन किंवा पर्यवेक्षणाचो येक प्रकार असा,आर्थिक नियमन हे नियमन किंवा पर्यवेक्षणाचा एक प्रकार आहे
11546,714810,D2,Banking,10.0,अमिषाला तिच्या यु ट्यूब चॅनलची कमाई पेपाल वरून मिळाली,अमिषाला तिच्या युट्यूब चॅनलची कमाई पेपालवरून मिळाली
11547,720805,D4,Agriculture,9.5,वनस्पती संगोपन विविध नावांनी ओळखले जाते,वनस्पती संगोपन विविध नावांनी ओळखले जाते
11548,706685,D1,Banking,9.889,जीवन विमो ह्यो विमो पॉलिसी धारक यांच्यातलो करार असा,जीवन विमो पॉलिसी धारकांमध्ये असा करार आहे.
11549,713820,D2,Agriculture,10.0,फळबाग म्हंजी मुद्दामचं झाडे किंवा झुडुप लावाना,फळबागेत मुद्दाम झाडे किंवा झुडपे लावायचे आहे
11550,722356,D4,Agriculture,9.5,उन्हामुळे गावातील सर्व तलाव सुखाने आटले आहेत,उन्हामुळे गावातील सर्व तलाव सुखाने आटले आहेत
11551,709546,D1,Agriculture,9.889,ब्रेडवर एवोकॅडोचे तुकडे ठेवा वर ग्रील्ड चिकन स्लाइस ठेवा,ब्रेडवर एवोकॅडोचे तुकडे ठेवा वर ग्रील्ड चिकन स्लाइस ठेवा
11552,713373,D2,Agriculture,10.0,डेअरीमा चांगला फॅटनं दूध जावा करता गायी म्हशी ईकत मिळतीस,डेअरीमध्ये चांगले उत्पादन दूध जावा करते गायी म्हशी किती मिळते
11553,719281,D4,Banking,9.5,नॅशनल इलेक्ट्रॉनिक फंड ट्रान्सफर आर.बी.आय काम काळजी घेणे आहे,नॅशनल इलेक्ट्रॉनिक फंड ट्रान्सफर आरबीआयचे काम काळजीपूर्वक घेणे आहे
11554,709078,D1,Agriculture,9.889,कृषि व्यवसायाक जैव व्यवसाय किंवा जैव उपक्रम पण बोलतत,कृषी व्यवसायासाठी जैव व्यवसाय किंवा जैव उपक्रम पण चालू आहे.
11555,714047,D2,Agriculture,10.0,सेंद्रिय शेतीमुये विषारी पदार्थसना वापर कमी व्हयी,सेंद्रिय शेतीमध्ये विषारी पदार्थ वापर कमी आहे
11556,719766,D4,Agriculture,9.5,चिटिन हे नायट्रोजन असलेले सुधारित पॉलिसेकेराइड आहे,चिटिन हे नायट्रोजन असलेले सुधारित पॉलिसेकेराइड आहे
11557,706596,D1,Banking,9.889,"गहाणखत फसवणूक म्हणजे हेतुपुरस्सर चुकीचो विधान , चुकीचो सादरीकरण","गहाणखत फसवणूक म्हणजे हेतुपुरस्सर चुकीचे विधान, चुकीचे सादरीकरण"
11558,714602,D2,Banking,10.0,एकांदा यवसाय सुरू कराना जोखिमनी तयारीले उद्योजकता म्हणतस,एकांदा व्यवसाय सुरू करण्याचा धोका आणि तयारी उद्योजकता म्हणता.
11559,721153,D4,Banking,9.5,पंचायती गावातील समस्या सोडविण्यास मदत करतात,पंचायती गावातील समस्या सोडविण्यास मदत करतात
11560,708419,D1,Agriculture,9.889,"बोकडांपासना तंतू , कातडा , खत अशी उत्पादना मेळतत","बोकडांपासना तंतू, कातडा आणि खत अशी उत्पादने मिळतात."
11561,714295,D2,Agriculture,10.0,बांबूना उत्पादनमा चीनना नंतर भारतना नंबर लागस,बांबूचे उत्पादन चीननंतर भारताला मिळते.
11562,722457,D4,Agriculture,9.5,"बियांवर अनेक प्रकारच्या बुरशीची वाढ होते , जी उगवत नाही",बियांवर अनेक प्रकारच्या बुरशीची वाढ होते जी उगवत नाही
11563,708941,D1,Banking,9.875,भांडवलाची किंमत साधारण भांडवलाची भारित ॲवेरेज मिळकत असता,भांडवलाची किंमत साधारण भांडवलाची भारित ॲवेरेज मिळकत असते
11564,714806,D2,Agriculture,10.0,अपुऱ्या पाण्याने सिंचन केल्याने जमीन नापीक होते,अपुरी पाण्याने सिंचन केल्याने जमीन नापीक होते
11565,722463,D4,Banking,9.5,भारताच्या अर्थव्यवस्थेतील शेतीचे योगदान कमी होत आहे,भारताच्या अर्थव्यवस्थेतील शेतीचे योगदान कमी होत आहे
11566,708851,D1,Banking,9.875,आधीच ठरलेल्या दरावर वर्षाच्या रकमेच्या दरावर पेमेंट होता,आधीच ठरलेल्या दरावर वर्षाच्या रकमेच्या दरावर पेमेंट झाले
11567,714685,D2,Banking,10.0,घरना मीटरनं बील भरानी करता आते लाईनमा उभं रावानी गरज नै मोबाईल वर भरता यस,"घराचे मीटर बिल भरण्यासाठी लाईनमध्ये उभे राहावे लागते, गरज मोबाईलवर भरण्याची."
11568,720866,D4,Agriculture,9.5,रस्त्यावरील बाजार आठवडाभरात बहुतांश पक्के भाग व्यापतो,रस्त्यावरील बाजार आठवडाभरात बहुतांश पक्के भाग व्यापतो
11569,711603,D1,Agriculture,9.875,सेंद्रिय शेतात खयच्या खयच्या खतांचो वापर करतत ?,सेंद्रिय खताचे शेतात वापरले जात आहे का?
11570,714400,D2,Agriculture,10.0,भारतमझार चहानं उत्पादन आसामना दार्जिलिंगमा व्हस,भारताचे उत्पादन आसाम आणि दार्जिलिंगमध्ये होते
11571,721590,D4,Agriculture,9.5,जाळी साधारणपणे तुलनेने पातळ धागे बांधून बनवली जातात,जाळी साधारणपणे तुलनेने पातळ धागे बांधून बनवली जातात
11572,710603,D1,Banking,9.875,कर चुकवणा आणि कर प्रतिकार बेकायदेशीर गुन्ह्यांमध्ये येतत,गुन्हे आणि गुन्ह्यांविरुद्धचा प्रतिकार बेकायदेशीर गुन्ह्यांमध्ये येत आहे.
11573,716968,D2,Agriculture,10.0,"चहाची गुणवत्ता हि त्याच्या स्वाद , सुगंधावर वर अवलंबुन असते",चहाची गुणवत्ता त्याच्या चवीवर आणि सुगंधावर अवलंबून असते
11574,719909,D4,Banking,9.5,उत्पन्न वक्र हा एक आलेख आहे जो यांच्यातील संबंध दर्शवितो,उत्पन्न वक्र हा एक आलेख आहे जो यांच्यातील संबंध दर्शवितो
11575,706971,D1,Banking,9.875,थेट डेबिटाक थेट पैसो काढणा असा सुद्धा म्हणतत,थेट डेबिट कार्डवरून थेट पैसे काढणे असे सुद्धा म्हणत आहेत.
11576,714634,D2,Agriculture,10.0,कायम टिकनारी सागर शेती आर्थिक आणि निसर्गनीकरता फायदानी शे,कायम टिकवण्यासाठी सागर शेतीची आर्थिक आणि निसर्गाची काळजी घ्यावी.
11577,721258,D4,Banking,9.5,डावपेचांसाठी कमीतकमी जागा असलेला जुना कर्जदार आहे,डावपेसाठी कमीतकमी जागा असलेला जुना कर्जदार आहे
11578,707630,D1,Banking,9.875,तुमच्या खात्याचो नंबर तुमच्या चेकबुकवर पण लिव्हलो जातलो,तुमच्या खात्याचा नंबर तुमच्या चेकबुकवर पण गेले आहे
11579,714935,D2,Banking,10.0,चालू खात्यातील जमा असलेल्या रक्कमेवर बँक व्याज देत नाही,चालू खात्यातील जमा असलेल्या रकमेवर बँक व्याज देत नाही
11580,719432,D4,Banking,9.5,तुम्ही तुमचा स्वतःचा आरोग्य विमा काढला पाहिजे,तुम्ही तुमचा स्वतःचा आरोग्य विमा काढला पाहिजे
11581,708410,D1,Agriculture,9.875,बागेमध्ये फळांची झाडा नायतर अक्रोडची झाडा समाविष्ट आसत,"बागेमध्ये फळांची झाडे आहेत, अक्रोडची झाडे समाविष्ट नाहीत."
11582,713097,D2,Banking,9.923,भारत ना सैन्य बजेट ले भारतीय सशस्त्र बलेसना आर्थिक पोषण ना करता वाटतस,भारताचे सैन्य बजेटले भारतीय सशस्त्र दलांचे आर्थिक पोषण न करता वाटते.
11583,720630,D4,Agriculture,9.5,भाजीपाला बागकाम हा बागकामाचा एक प्रकार आहे,भाजीपाला बागकामाचा एक प्रकार आहे
11584,712477,D1,Banking,9.857,गुंतवणूक करण्यासाठी खयची खयची कागदपत्रा लागतात ?,गुंतवणुकीसाठी किती कागदपत्रे लागतात?
11585,716419,D2,Agriculture,9.923,"खत हे अनेक प्रकारचे असते शेणखत , सुक्या पानांचे खत असे प्रकार आहेत","खत अनेक प्रकारचे असते, शेणखत आणि सुक्या पानांचे खत असे प्रकार आहेत."
11586,720718,D4,Banking,9.5,इंडिडवर नऊ वेगवेगळ्या प्रकारच्या उद्योजकतेची नोंद आहे,इंडिडवर नऊ वेगवेगळ्या प्रकारच्या उद्योजकतेची नोंद आहे
11587,707594,D1,Banking,9.846,"तुका तर ठाऊकच आसा कि , भाड्याचो करार हा दोन पक्षांमधील करार आसा",तुम्हाला नक्की माहीत आहे की हा करार दोन पक्षांमधील आहे
11588,713076,D2,Banking,9.917,एस.बी.आय मा बचत खातं नैते चालू खातं जे भी व्हयी ते निवाडा,एसबीआयचे बचत खाते चालू आहे जे देखील निवाडा
11589,722086,D4,Agriculture,9.5,चीन आणि इंडोनेशियामध्ये बीन्सचे भरपूर उत्पादन होते,चीन आणि इंडोनेशियामध्ये बीन्सचे भरपूर उत्पादन होते
11590,711614,D1,Agriculture,9.833,पीकांच्या पोषक व्यवस्थापन चे फायदे आसत काय आणि खैयचे खैयचे आसत ?,पीकांच्या पोषक व्यवस्थापनाचे फायदे काय आहेत आणि इतर काय आहेत?
11591,714226,D2,Agriculture,9.917,"शेतकरीस करता उपलब्ध योजनासमा कृषी विपणन , कृषी जनगणना बजेटना समावेश शे","शेतकऱ्यांसाठी उपलब्ध योजनांमध्ये कृषी विपणन, कृषी जनगणना आणि बजेटमध्ये समावेश करणे."
11592,721132,D4,Banking,9.5,स्टॉक हे सर्वात लोकप्रिय वाढ केंद्रित गुंतवणूक आहेत,स्टॉक हे सर्वात लोकप्रिय वाढ केंद्रित गुंतवणूक आहेत
11593,712454,D1,Banking,9.833,कर्जासाठी खयचे खयचे कागदपत्रा लागतली ?,कर्जासाठी कागदपत्रे लागली का?
11594,718041,D2,Banking,9.909,डेबिट कार्डचा पिन नंबर मी विसरलो आहे मला हेल्पलाइन नंबर द्या,डेबिट कार्डचा पिन नंबर मी विसरलो आहे मला हेल्पलाइन नंबर द्या
11595,721802,D4,Agriculture,9.5,हे रॅकच्या वापरामुळे आपली शेती खूप आधुनिक झाली आहे,हे रॅकच्या वापरामुळे आपली शेती खूप आधुनिक झाली आहे
11596,707482,D1,Banking,9.833,खाजगी बँक खाजगी व्यक्तींच्या मालकीची असता,खाजगी बँक खाजगी व्यक्तींच्या मालकीची आहे
11597,714513,D2,Banking,9.909,"सहस्त्राब्दी उद्योजक सैन्य , लगीन , धर्म आणि राजनितीपाईन दूर रहातस","सहस्त्राब्दी उद्योजक सैन्य, जीवन, धर्म आणि राजनीती दूर राहतात."
11598,721032,D4,Agriculture,9.5,पुदिन्याचे उत्पादन घरच्या घरीही चांगले करता येते,पुदिन्याचे उत्पादन घरच्या घरीही चांगले करता येते
11599,707018,D1,Banking,9.833,"युनियन बँक ऑफ इंडिय , युनियन बँक किंवा यू.बी.आय म्हणून ओळखली जाता","युनियन बँक ऑफ इंडिया, युनियन बँक किंवा यू.बी.आय म्हणून ओळखली जाते."
11600,714080,D2,Banking,9.9,इंटा बँकिंग मा आमना बँकमझारला दुसऱा शाखा मा पैसा जातस,"इंटा बँकिंगमध्ये आमना बँकेला दुसरा शाखा आहे, तिथे पैसा जातो."
11601,718919,D4,Agriculture,9.5,मध चा वापर खोकला बरं करण्यासाठी पण केला जातो,मधचा वापर खोकला बरे करण्यासाठी पण केला जातो
11602,708718,D1,Agriculture,9.818,सॅलेडमधली पाना सूजेक कमी करूक आणि वजन कमी करूक उपयोगी असतत,"सॅलेडमधील पानांमुळे सूज आणि वजन कमी होते, ते उपयोगी असते."
11603,713654,D2,Agriculture,9.9,चांगला जोरमा पानी पडना ते कच्चा केयेसनी वाढ जोरमा व्हस,चांगले जोरमा पाणी पडणे ते कच्चे केयेसनी वाढ जोरमा बस
11604,720579,D4,Agriculture,9.5,कीटकनाशकांच्या वापराने पिकाची उत्पादकता वाढते,कीटकनाशकांच्या वापराने पिकाची उत्पादकता वाढते
11605,707468,D1,Agriculture,9.818,"कोळंबी , लॉबस्टर अशी क्रस्टेशियन आसत , हे प्राणी अपृष्ठवंशी आसत","कोळंबी आणि लॉबस्टर अशा क्रस्टेशियन असतात, हे प्राणी अपृष्ठवंशी असतात."
11606,717698,D2,Agriculture,9.9,हायब्रीड पीक म्हणजे काय ? यात कोणते बियाणे येतात ?,हायब्रीड पीक म्हणजे काय? यात कोणते बियाणे येतात?
11607,722701,D4,Banking,9.5,आकारला जाणारा वार्षिक टक्केवारी दर कधीकधी व्याजदर असतो,आकारला जाणारा वार्षिक टक्केवारी दर कधीकधी व्याजदर असतो
11608,710062,D1,Agriculture,9.8,रेशीम किड्यांपासून रेशीम मिळवला जाता,रेशीम किड्यांपासून रेशीम मिळवले जाते
11609,712791,D2,Banking,9.9,भारत म्हा जोडे जोडे सत्तर प्रतीसत लोके धाकाला व्यापार करतस,भारतामध्ये सत्तर टक्के लोक व्यापार करतात
11610,722642,D4,Banking,9.5,कर्जे कर्जदारांना आणि सरकारला सावकार म्हणून लाभ देतात,कर्जे कर्जदारांना आणि सरकारला सावकार म्हणून लाभ देतात
11611,706475,D1,Banking,9.8,प्रमाणित धनादेश थांबवुक येत नसता किंवा बाऊन्स करुक येत नसता,प्रमाणित धनादेश थांबवण्याची किंवा बाऊन्स होण्याची शक्यता नसती
11612,716344,D2,Banking,9.9,"मालमत्ता म्हणजे घर , जमीन , सोने आणि इतर गोष्टी","मालमत्ता म्हणजे घर, जमीन, सोने आणि इतर गोष्टी."
11613,720898,D4,Agriculture,9.5,मधमाशी फार्म मधमाश्या पाळल्या जाण्याचा ठिकाण आहे,मधमाशी फार्म मधमाश्या पाळण्याचे ठिकाण आहे.
11614,708883,D1,Banking,9.8,शेअर बाजारात आपण कंपनीचे शेअर घेऊन कंपनीचे हिस्सेदार बनू शकताव,शेअर बाजारात आपण कंपनीचे शेअर घेऊन कंपनीचे हिस्सेदार बनू शकतो
11615,715319,D2,Banking,9.9,"आर्थिक संस्थानांना , एक आर्थिक साधन ए.पी.आर उघडं केलं पाहिजे",आर्थिक संस्थानांना एक आर्थिक साधन ए.पी.आर. उघडले पाहिजे
11616,719697,D4,Banking,9.5,"सुरेशने काही फरक पडत नाही , तू दुकानात पे.टी.एम वापरून घेशील","सुरेशला काही फरक पडत नाही, तू दुकानात पी.टी.एम वापरून घेशील"
11617,707834,D1,Agriculture,9.75,"भात , गहू , हरभरा , धैंचा , बाजरी , मूग ही भारतातली वार्षिक पिका आसत","भात, गहू, हरभरा, धैंचा, बाजरी, मूग ही भारतातील वार्षिक पिके होती."
11618,713217,D2,Agriculture,9.9,भारतमा कृषी शिक्षण आणि कृषी विद्यालय आय.सी.ए.आर ना अंडरमझार येतंस,भारतात कृषी शिक्षण आणि कृषी विद्यालय आय.सी.ए.आर. अंतर्गत येतात
11619,724296,D4,Agriculture,9.5,बकरीची कोनची जात जास्त दूध देते ?,बकरीची कोणती जात जास्त दूध देते?
11620,707593,D1,Agriculture,9.75,"तुका ठाऊक हा ना , बदाम , सफरचंद , मनुका , चेरी , नारळ , अंजीर हि सगळी फळझाडा आसत","तुला माहीत आहे ना, बदाम, सफरचंद, मनुका, चेरी, नारळ, अंजीर हे सर्व फळझाडे आहेत."
11621,716826,D2,Banking,9.889,जमिनीवर कर्ज देणारी बँक हि भूमी विकास बँक आहे,जमिनीवर कर्ज देणारी बँक ही भूमी विकास बँक आहे
11622,724281,D4,Agriculture,9.5,सेंद्रिय शेती करनाऱ्याईमंधी भारत एक नंबरवर हाय,सेंद्रिय शेतीमध्ये भारत प्रथम क्रमांकावर आहे
11623,707835,D1,Agriculture,9.706,"भात , मका , बाजरी , नाचणी , कडधान्ये , सोयाबीन , भुईमूग हि खरीप पिका आसत","भात, मका, बाजरी, नाचणी, कडधान्ये, सोयाबीन, भुईमूग ही खरीप पिके होती."
11624,717737,D2,Agriculture,9.889,शेतीची यंत्रे कोणती ? त्याचे बाजारमूल्य किती असते ?,शेतीची यंत्रे कोणती? त्याचे बाजारमूल्य किती असते?
11625,721832,D4,Agriculture,9.5,शिकारी शिकार पकडण्यासाठी जाळे लावतो,शिकारी शिकार पकडण्यासाठी जाळे लावतो
11626,710904,D1,Banking,9.5,मागणी केल्यावर जमा रक्कम जोगिंदराक सहज मिळाली,मागणी केल्यावर जमा रक्कम सहज मिळाली
11627,714307,D2,Agriculture,9.889,दूध उत्पादनमझार दूध दही लोणी पनीर मलई लस्सी येस,"दूध उत्पादन, दूध, दही, लोणी, पनीर, मलई, लस्सी, हो"
11628,718799,D4,Agriculture,9.5,माझे वडील रोज डांगरू आणतात ते चवीला खूप गोड असतात,माझे वडील रोज डांगरू आणतात ते चवीला खूप गोड असतात
11629,706682,D1,Banking,9.5,"अपंगत्व विमो , ज्याका सहसा उत्पन्न संरक्षण म्हणतत",अपंगत्व म्हणजे जे सहसा उत्पन्न संरक्षण म्हणते
11630,712744,D2,Agriculture,9.889,शाकाहारी जनावरेस करता हिरवय ना पिके चारा करता लेतस,शाकाहारी जनावरे हिरव्या पिकांचे चारा खात आहेत
11631,720519,D4,Agriculture,9.5,कागद लाकडाच्या लगद्यापासून बनविला जातो,कागद लाकडाच्या लगद्यापासून बनविला जातो
11632,710700,D1,Banking,9.5,जागतीक बौद्धिक संपदा संघटनेचो भाग बनुसाठी तु काय केलस ?,जागतीक बौद्धिक संपदा संघटनेचा भाग बनवण्यासाठी तू काय करशील?
11633,714261,D2,Banking,9.889,भारतमझार दोन हजार बाविस लोंग बाविस खाजगी ब्यांका शेतंस,भारतमझार दोन हजार बाविस लोंग बाविस खाजगी बँका शेतंस
11634,720606,D4,Agriculture,9.5,दुग्ध व्यवसायाची सुरुवात तुर्की देशातून झाली,दुग्ध व्यवसायाची सुरुवात तुर्की देशातून झाली
11635,707583,D1,Banking,9.5,ती व्यक्ती आपल्या यु.पी.आय वापरून परत आपलो मोबाईल रिचार्ज करतली,ती व्यक्ती आपल्या यूपीआय वापरून परत आपले मोबाईल रिचार्ज करत होती
11636,716052,D2,Banking,9.889,येस बँक खाजगी क्षेत्र मधली एक मोठी बँक आहे,येस बँक खाजगी क्षेत्रातील एक मोठी बँक आहे
11637,720053,D4,Agriculture,9.5,कृषी संशोधनामुळेच भारतात हरितक्रांती शक्य झाली,कृषी संशोधनामुळेच भारतात हरितक्रांती शक्य झाली
11638,711044,D1,Banking,9.5,शेयरहोल्डर कंपनीच्या कमीत कमी एका शेयरचो मालक असता,कंपनीच्या कमीत कमी एक शेअरहोल्डर असतो
11639,716980,D2,Agriculture,9.889,"बाभूळ , बांबू , देवदार इत्यादी लाकडाच्या यादीत येतात","बाभूळ, बांबू, देवदार इत्यादी लाकडाच्या यादीत येतात."
11640,722523,D4,Banking,9.5,सध्या जगातील वीस देशांमध्ये किरकोळ व्यवसाय सुरू आहेत,सध्या जगातील वीस देशांमध्ये किरकोळ व्यवसाय सुरू आहेत
11641,709846,D1,Agriculture,9.5,कीटक कसे ओळखायचे हे जाणून घेणे आपल्या शेतीसाठी आवश्यक आहे,कीटक कसे ओळखायचे हे जाणून घेणे आपल्या शेतीसाठी आवश्यक आहे
11642,716170,D2,Agriculture,9.875,शेतकरी आंदोलनात शेतकरी एम.एस.पी ची मागणी करत आहे,शेतकरी आंदोलनात शेतकरी एम.एस.पी ची मागणी करत आहे
11643,721091,D4,Banking,9.5,राष्ट्रीय विम्याचा लोकांना खूप फायदा होतो,राष्ट्रीय विम्याचा लोकांना खूप फायदा होतो
11644,710046,D1,Banking,9.5,या बाजारातील भांडारात प्रत्येक गोष्ट किमती असा,या बाजारातील प्रत्येक गोष्टीची किंमत असते.
11645,716592,D2,Banking,9.875,जागतिक आर्थिक व्यवस्थेत जागतिक बँकेची मोठी भूमिका आहे,जागतिक आर्थिक व्यवस्थेत जागतिक बँकेची मोठी भूमिका आहे
11646,720223,D4,Agriculture,9.5,कृषी वनीकरण अंतर्गत शेतकऱ्यांना अतिरिक्त उत्पन्न मिळते,कृषी वनीकरण अंतर्गत शेतकऱ्यांना अतिरिक्त उत्पन्न मिळते
11647,710598,D1,Banking,9.5,कंपनीसाठी वेगळ्या प्रकारचा कर्ज देवची व्यवस्था असा,कंपनीसाठी वेगळ्या प्रकारच्या कर्जाची व्यवस्था आहे.
11648,715065,D2,Banking,9.875,बचत खात उघडल्यानंतर पैशांची बचत व्हायला सुरवात होते,बचत खाते उघडल्यानंतर पैशांची बचत व्हायला सुरुवात होते.
11649,718977,D4,Banking,9.5,सोने तारण ठेवून व्यक्ती बँकेकडून वैयक्तिक कर्ज घेत आहे,सोने तारण ठेवून व्यक्ती बँकेकडून वैयक्तिक कर्ज घेत आहे
11650,707911,D1,Agriculture,9.5,मी काल माश्याबरोबर भातावर ताव मारलंय,मी काल माशांसोबत भात खाल्ले
11651,714354,D2,Agriculture,9.875,प्रोसो बाजरीना परकार बठ्ठा बाजरीना प्रकारमा बारीक शे,प्रोसेस बाजरीचा परकार बठ्ठा बाजरीचा प्रकारमा बारीक शे
11652,721822,D4,Agriculture,9.5,"कापणीनंतर , अनेक तंत्रांनी आपले काम बरेच सोपे केले आहे",कापणीनंतर अनेक तंत्रांनी आपले काम बरेच सोपे केले आहे
11653,709293,D1,Banking,9.5,भांडवली बाजारात तू मोप वेळेसाठी पैशे जोडू शकतं,भांडवली बाजारात तुम्ही वेळेसाठी पैसे जोडू शकता
11654,715027,D2,Agriculture,9.875,पी.एम किसान मानधन योजना ही सरकारी योजना आहे,पी.एम किसान मानधन योजना ही सरकारी योजना आहे
11655,721587,D4,Agriculture,9.5,कृषी विस्तार हा जंगलतोड आणि वन विखंडनाचा मुख्य चालक आहे,कृषी विस्तार हा जंगलतोड आणि वन विखंडनाचा मुख्य चालक आहे
11656,709267,D1,Banking,9.5,सापेक्ष परतावा एक बेंचमार्कच्या तुलनेत वेळेत मिळता,सापेक्ष परतावा एक बेंचमार्कच्या तुलनेत वेळेत मिळतो.
11657,712623,D2,Agriculture,9.857,नेरियन ओलीएंडरनी शेती हायी बागायती शेती शे,नेरियनच्या जमिनी शेती आणि बागायती शेती आहेत.
11658,721504,D4,Banking,9.5,बँकेने कर्ज जोखीम व्यवस्थापन नीती देखील तयार केले आहे,बँकेने कर्ज जोखीम व्यवस्थापन नीती देखील तयार केली आहे
11659,706764,D1,Banking,9.5,म्युनिसिपल बॉण्ड्स ह्या ठराविक कर्जा दायित्वे आसत,म्युनिसिपल बॉण्ड्स ह्या ठराविक कर्जा दायित्वे आहेत
11660,714796,D2,Agriculture,9.846,"अंडी , मांस , दूध , लोकर आणि खत यांसारखी पशुसंवर्धन उत्पादने आहेत","अंडी, मांस, दूध, लोकर आणि खत यांसारखी पशुसंवर्धन उत्पादने आहेत."
11661,721697,D4,Banking,9.5,खाजगी गुंतवणूकदार म्हणजे पैसे गुंतवणारी व्यक्ती,खाजगी गुंतवणूकदार म्हणजे पैसे गुंतवणाऱ्या व्यक्ती
11662,709325,D1,Banking,9.5,असुरक्षित कर्ज आपल्या अल्पकालीन पैशाच्या गरजेसाठी असता,असुरक्षित कर्ज आपल्या अल्पकालीन पैशाच्या गरजेसाठी आहे
11663,713184,D2,Banking,9.8,"नोंदणीकृत शेयरधारक , जेसले रिकाॅर्ड ना शेयरधारक ना रुपमा वयखतस","नोंदणीकृत शेअरधारक, नोंदीनुसार, त्यांचे वय माहिती आहे."
11664,722160,D4,Banking,9.5,क्रिप्टोकरन्सी हे एक प्रकारचे चलन आहे जे आपण ऑनलाइन खरेदी करू शकता,क्रिप्टोकरन्सी हे एक प्रकारचे चलन आहे जे आपण ऑनलाइन खरेदी करू शकता
11665,709079,D1,Agriculture,9.5,ब्रोकली फ्लॉवरचो एक प्रकार हा तो हिरव्या रंगाचो असता,ब्रोकली एक प्रकार आहे आणि तो हिरव्या रंगाचा असतो.
11666,713390,D2,Agriculture,9.769,"दूध पाशीन दही , ताक , लोणी , तूप , मावा तयार करतंस","दूध वापरून दही, ताक, लोणी, तूप आणि मावा तयार केले जात आहेत."
11667,718944,D4,Banking,9.5,के.वाय.सी आपल्याला ते प्रत्येक खात्यात करावे लागते,आपल्याला प्रत्येक खात्यात के.वाय.सी करावे लागते
11668,708428,D1,Agriculture,9.5,भारत ह्यो जगातलो दोन नंबरचो मोठो तांदूळ उत्पादक देश आसा,भारत जगातील दोन क्रमांकाचा मोठा तांदूळ उत्पादक देश आहे.
11669,715920,D2,Agriculture,9.727,"भारतीय चहा संघ , भारतीय चहा उत्पादकांचा एक व्यापारी संघ आहे",भारतीय चहा संघ भारतीय चहा उत्पादकांचा एक व्यापारी संघ आहे
11670,719085,D4,Banking,9.5,भविष्यातील मूल्यावरील व्याजावरच व्याज आकारले जाते,भविष्यातील मूल्यावरील व्याजावरच व्याज आकारले जाते
11671,710572,D1,Agriculture,9.5,उत्पन्न वाढवुसाठी आता खूप ठिकाणी बी बँक पण उघडली गेली हा,उत्पन्न वाढवण्यासाठी आता खूप ठिकाणी बी बँक पण उघडली गेली.
11672,715114,D2,Agriculture,9.5,मत्स्यव्यवसाय व्यवस्थापन मत्स्य विज्ञानांतर्गत येते,मत्स्यव्यवसाय व्यवस्थापन मत्स्य विज्ञानांतर्गत येते
11673,721024,D4,Agriculture,9.5,"ऑयस्टर मशरूम त्याच्या नाजूक पोत हलके , खारट चवसाठी जगभरात प्रिय आहे","ऑयस्टर मशरूमचे पोत नाजूक आणि हलके आहे, खारट चवीसाठी जगभरात प्रिय आहे."
11674,709483,D1,Banking,9.5,दिवसाचो व्यापार सिक्युरिटीजमधला सट्याचो एक रूप असा,दिवसाचा व्यापार सिक्युरिटीजमधील सत्यचा एक रूप आहे
11675,715716,D2,Banking,9.5,निव्वळ वर्तमान मूल्याची मोजणी केव्हा केली जाते ?,निव्वळ वर्तमान मूल्याची मोजणी केव्हा केली जाते?
11676,722456,D4,Agriculture,9.5,बास्ट फायबरचे वर्गीकरण मऊ फायबर म्हणून केले जाते,बास्ट फायबरचे वर्गीकरण मऊ फायबर म्हणून केले जाते
11677,710608,D1,Banking,9.5,करातुन जमा होणारो एकूण महसूल ह्या सरकारचा मुख्य उत्पन्न असा,करातुन जमा होणारा एकूण महसूल हा सरकारचा मुख्य उत्पन्न आहे.
11678,713549,D2,Agriculture,9.5,बाॅयलर कोंबडीस्ना पोल्ट्री फारमं करता शासन कर्ज देस,बाॅयलर कोंबडींच्या पोल्ट्रीचे फार्मिंग करता शासन कर्ज दे.
11679,722734,D4,Banking,9.5,संपत्ती निर्मितीला पैशाची समस्या देखील म्हणतात,संपत्ती निर्मितीला पैशाची समस्या देखील म्हणतात
11680,708796,D1,Agriculture,9.5,भारत आणि जगात मोतीयेच्या शेतीचो व्यवसाय वाढत जाता हा,भारत आणि जगात मोत्याच्या शेतीचा व्यवसाय वाढत आहे.
11681,715777,D2,Agriculture,9.5,पेब्राइन नावाचा रोग रेशमाच्या किडे मध्ये होत असतो,पेब्राइन नावाचा रोग रेशमाच्या किडेमध्ये होतो.
11682,719121,D4,Agriculture,9.5,बिया पेरणे आवश्यक आहे सूर्यप्रकाश क्षेत्रां मध्ये,बिया सूर्यप्रकाशाच्या क्षेत्रांमध्ये पेरणे आवश्यक आहे
11683,707882,D1,Banking,9.5,माझे आजोबा अमेरिकेतसून घरपोच पैसे पाठवूचे,माझे आजोबा अमेरिकेतून पैसे पाठवू इच्छितात.
11684,714831,D2,Agriculture,9.5,आधुनिक शेतीमध्ये अभियांत्रिकीचा वापर करायचा आहे,आधुनिक शेतीमध्ये अभियांत्रिकीचा वापर करायचा आहे
11685,722699,D4,Banking,9.5,कोणाकडे खाते क्रमांक आहेत याची काळजी कशाला करावी,कोणाकडे खाते क्रमांक आहेत याची काळजी कशाला करावी
11686,708668,D1,Agriculture,9.5,खतांचो उपयोग झाडा आणि शेतीच्या वाढीसाठी होऊ शकता,त्याचा उपयोग झाडे आणि शेती वाढवण्यासाठी होऊ शकतो.
11687,713779,D2,Banking,9.5,नोंद कराना पुढला पडावमा सहा अंकसना यु.पी.आय पिन टाकना शे,नोंद करा पुढच्या टप्प्यासाठी सहा अंक UPI पिन टाका
11688,720588,D4,Agriculture,9.5,सिंधू खोऱ्यातील सभ्यतेत ज्यूटचा प्रथम वापर करण्यात आला,सिंधू खोऱ्यातील सभ्यतेत ज्यूटचा प्रथम वापर करण्यात आला
11689,708812,D1,Agriculture,9.5,भारतात समुद्री मोलस्कचे तीन हजार तीनशे एकाहत्तर प्रजाती असत,भारतात समुद्री मोलस्कची तीन हजार तीनशे सत्रह प्रजाती होत्या
11690,713038,D2,Agriculture,9.5,दोन परकारना द्रव्य इंधन शेतस येक बायोइथेनॉल आणि बायोडिझेल,दोन कारणांसाठी द्रव्य इंधन आहे एक बायोइथेनॉल आणि बायोडिझेल
11691,724301,D4,Banking,9.5,बचत खातं उघडाले के.वाय.सी साठी आधार अन पॅन कार्ड पाइजेन रायते,बचत खाते उघडले. के.वाय.सी साठी आधार आणि पॅन कार्ड मिळवावे.
11692,707681,D1,Agriculture,9.5,धान्याच्या गाडीचो लय फायदो होता ह्या लक्षात घे,धान्याच्या गाडीचा खूप फायदा होता हे लक्षात घे
11693,715177,D2,Banking,9.5,वित्त व्यवसाय तृतीय पक्षासारखा कार्य करतो,वित्त व्यवसाय तृतीय पक्षासारखा कार्य करतो
11694,722217,D4,Agriculture,9.5,मीनाला काजूपासून बनवलेली बर्फी खूप आवडते,मला काजूपासून बनवलेली बर्फी खूप आवडते
11695,708516,D1,Banking,9.5,व्हर्चुअल कार्ड वापरताना व्याज कमी जाणा नाय,व्हर्च्युअल कार्ड वापरताना व्याज कमी करा
11696,713696,D2,Banking,9.5,काही टाईम ले बँक बी आपले पैशे वापस देवान नई म्हनस,काही वेळेनंतर बँक आपले पैसे परत देते म्हणजे
11697,721949,D4,Agriculture,9.5,मासेमारी हा एक उपक्रम आहे,मासेमारी हा एक उपक्रम आहे
11698,711946,D1,Banking,9.5,सामाजिक क्षेत्रात योजना कसले असतत ?,सामाजिक क्षेत्रात योजना कशा होत्या?
11699,715001,D2,Banking,9.5,धनादेश वापर केल्यामुळे रोख रक्कम बाळगण्याची गरज नाही वाटत,धनादेश वापरल्यामुळे रोख रक्कम बाळगण्याची गरज नाही वाटते
11700,720649,D4,Agriculture,9.5,सिंघाडे यांना इंग्रजीत व्होटर्स चेस्टनट म्हणतात,सिंघाडे यांना इंग्रजीत व्होटर्स म्हणतात
11701,711689,D1,Agriculture,9.5,विद्राव्य खताचो वापर खयच्या पिकांका करतत ?,विद्राव्यचा वापर खयच्या पिकांका करत आहे का?
11702,713275,D2,Banking,9.5,अनुजनी थेट बँकमा जायसीन नवीन ना बँक खाता मयीन पैसा काढात,अनुजनी थेट बँकेत जाऊन नवीन बँक खात्यातील पैसा काढता
11703,721035,D4,Agriculture,9.5,पर्माकल्चर हा कायमस्वरूपी शेतीचा एक प्रकार आहे,पर्माकल्चर हा कायमस्वरूपी शेतीचा एक प्रकार आहे
11704,710553,D1,Banking,9.5,आर्थिक अर्थ व्यवस्था संसाधनांचो वापर आणि वितरण स्पष्ट करता,आर्थिक अर्थव्यवस्थेतील संसाधनांचा वापर आणि वितरण स्पष्ट करणे
11705,717476,D2,Agriculture,9.5,पिकावर अन्नसाठा करणारे किटक कसे ओळखावे ?,पिकावर अन्नसाठा करणारे किटक कसे ओळखावे?
11706,720537,D4,Agriculture,9.5,चक्र पुष्प पदार्थांमध्ये मसाले म्हणून वापरले जाते,चक्र पुष्प पदार्थांमध्ये मसाले म्हणून वापरले जातात
11707,706723,D1,Banking,9.5,काही सिक्युरिटीज मध्ये साठा आणि रोखे समाविष्ट असत,काही सिक्युरिटीजमध्ये साठा आणि रोखे समाविष्ट असतात.
11708,718183,D2,Banking,9.5,"कर्जदार कोणते प्रश्न विचारतील , मला सांगाल का ?","कर्जदार कोणते प्रश्न विचारतील, मला सांगाल का?"
11709,719056,D4,Agriculture,9.5,हरियाणातील शेतकरी कृषी विद्यापीठातून मोहरी आणतात,हरियाणातील शेतकरी कृषी विद्यापीठातून मोहरी आणतात
11710,708735,D1,Agriculture,9.5,रब्बीचा पीक साधारण ऑक्टोबर ते नोव्हेंबर महिन्यात घेतत,रब्बीचा पीक साधारण ऑक्टोबर ते नोव्हेंबर महिन्यात घेतले जाते.
11711,718044,D2,Banking,9.5,मला बँकेत सहा महिन्यांसाठी डिपॉझिट ठेवता येईल का ?,मला बँकेत सहा महिन्यांसाठी डिपॉझिट ठेवता येईल का?
