key,dialect,domain,gender,divergence_score,word_edit_distance_pct,char_edit_distance_pct,standard_oov_ratio_pct,total_words,substitutions,deletions,insertions,total_chars,char_edits,oov_tokens,calculation_formula,original_transcript,normalized_standard_output,wav_path
IISc_RESPIN_mr_D2_71728_422004_M_BANK_712605_71193383,D2,Banking,MALE,72.49,71.43,51.16,100.0,7,4,0,1,43,22,"कर्जलेवावर, गहाण, ठेयेल, मालमत्ता, ईकता, नयी, येस",WED: (4S+0D+1I)/7=71.43% | CED: 22/43=51.16% | OOV: 7/7=100.0% => 0.45*71.43 + 0.30*51.16 + 0.25*100.0 = 72.49,कर्जलेवावर गहाण ठेयेल मालमत्ता ईकता नयी येस,कर्जासाठी गहाण ठेवण्यासाठी मालमत्ता नये का?,D2/71728/IISc_RESPIN_mr_D2_71728_422004_M_BANK_712605_71193383.wav
IISc_RESPIN_mr_D2_70987_422004_F_AGRI_713404_71015409,D2,Agriculture,FEMALE,69.28,75.0,35.09,100.0,8,6,0,0,57,20,"शेतीना, अवजारेस्नं, परदरशन, मांडं, तवय, त्यास्नी, ईक्री, वाढी",WED: (6S+0D+0I)/8=75.0% | CED: 20/57=35.09% | OOV: 8/8=100.0% => 0.45*75.0 + 0.30*35.09 + 0.25*100.0 = 69.28,शेतीना अवजारेस्नं परदरशन मांडं तवय त्यास्नी ईक्री वाढी,"शेतीसाठी अवजारे परदरशन मांडले, त्यामुळे त्याची ईक्री वाढते.",D2/70987/IISc_RESPIN_mr_D2_70987_422004_F_AGRI_713404_71015409.wav
IISc_RESPIN_mr_D2_71422_422008_F_BANK_712643_70800629,D2,Banking,FEMALE,66.28,77.78,30.19,88.89,9,6,0,1,53,16,"भारतमा, परतेक, राज्यनी, वरीसनं, उतपननी, आल्लग, आल्लग, शे",WED: (6S+0D+1I)/9=77.78% | CED: 16/53=30.19% | OOV: 8/9=88.89% => 0.45*77.78 + 0.30*30.19 + 0.25*88.89 = 66.28,भारतमा परतेक राज्यनी वरीसनं उतपननी वाढ आल्लग आल्लग शे,भारतात परतेक राज्याची वरीसने उतपनाची वाढ आली आहे.,D2/71422/IISc_RESPIN_mr_D2_71422_422008_F_BANK_712643_70800629.wav
IISc_RESPIN_mr_D2_70429_400604_M_BANK_713241_70484564,D2,Banking,MALE,65.59,66.67,35.29,100.0,9,3,0,3,34,12,"फोन, पे, वर, मनी, गनच, बीमा, करी, ठेल, शेत",WED: (3S+0D+3I)/9=66.67% | CED: 12/34=35.29% | OOV: 9/9=100.0% => 0.45*66.67 + 0.30*35.29 + 0.25*100.0 = 65.59,फोन पे वर मनी गनच बीमा करी ठेल शेत,फोनवर मनी गनच बीमा करायची आहे,D2/70429/IISc_RESPIN_mr_D2_70429_400604_M_BANK_713241_70484564.wav
IISc_RESPIN_mr_D2_71439_422004_F_AGRI_714358_70783193,D2,Agriculture,FEMALE,63.91,66.67,48.21,77.78,9,5,0,1,56,27,"देनारा, झाडेस्ले, जमीनना, आंदाज, लीसनी, काटछाट, करस",WED: (5S+0D+1I)/9=66.67% | CED: 27/56=48.21% | OOV: 7/9=77.78% => 0.45*66.67 + 0.30*48.21 + 0.25*77.78 = 63.91,फळे देनारा झाडेस्ले शेतकरी जमीनना आंदाज लीसनी काटछाट करस,फळे देण्याच्या झाडांना शेतकरी जमीनचे आंदाज काढले जाते.,D2/71439/IISc_RESPIN_mr_D2_71439_422004_F_AGRI_714358_70783193.wav
IISc_RESPIN_mr_D2_71424_422004_F_AGRI_714308_70800747,D2,Agriculture,FEMALE,63.34,66.67,37.04,88.89,9,5,0,1,54,20,"भोपयाना, भाजीना, रायता, लोणचं, खीर, बनाडाना, करता, करतंस",WED: (5S+0D+1I)/9=66.67% | CED: 20/54=37.04% | OOV: 8/9=88.89% => 0.45*66.67 + 0.30*37.04 + 0.25*88.89 = 63.34,भोपयाना भाजीना वापर रायता लोणचं खीर बनाडाना करता करतंस,भोपयाना भाजीना वापरून लोणचे खीर बनवण्यासाठी करत आहेत,D2/71424/IISc_RESPIN_mr_D2_71424_422004_F_AGRI_714308_70800747.wav
IISc_RESPIN_mr_D2_72469_422012_M_AGRI_713081_71247384,D2,Agriculture,MALE,62.53,71.43,17.95,100.0,7,4,0,1,39,7,"पानी, ना, स्त्रोत, पुरवठाना, करता, उपेग, पडतस",WED: (4S+0D+1I)/7=71.43% | CED: 7/39=17.95% | OOV: 7/7=100.0% => 0.45*71.43 + 0.30*17.95 + 0.25*100.0 = 62.53,पानी ना स्त्रोत पुरवठाना करता उपेग पडतस,पानीचा स्त्रोत पुरवठा करता उपयोग पडतो,D2/72469/IISc_RESPIN_mr_D2_72469_422012_M_AGRI_713081_71247384.wav
IISc_RESPIN_mr_D2_70795_422005_F_AGRI_713751_70584829,D2,Agriculture,FEMALE,62.11,57.14,38.0,100.0,7,1,0,3,50,19,"तांदूळ, ना, मुरमुरा, वासीन, रोगप्रतिकारक, क्षमता, सुधारस",WED: (1S+0D+3I)/7=57.14% | CED: 19/50=38.0% | OOV: 7/7=100.0% => 0.45*57.14 + 0.30*38.0 + 0.25*100.0 = 62.11,तांदूळ ना मुरमुरा वासीन रोगप्रतिकारक क्षमता सुधारस,तांदूळ रोगप्रतिकारक क्षमता सुधारते,D2/70795/IISc_RESPIN_mr_D2_70795_422005_F_AGRI_713751_70584829.wav
IISc_RESPIN_mr_D2_72455_NA_M_BANK_714341_71238753,D2,Banking,MALE,62.1,63.64,50.94,72.73,11,4,0,3,53,27,"मझार, जमा, करेल, पैसा, हायातीमा, काढता, येतसका, नैत",WED: (4S+0D+3I)/11=63.64% | CED: 27/53=50.94% | OOV: 8/11=72.73% => 0.45*63.64 + 0.30*50.94 + 0.25*72.73 = 62.1,पी.पी.एफ मझार जमा करेल पैसा हायातीमा काढता येतसका नैत ?,पी.पी.एफ. मध्ये पैसे काढता येतात का?,D2/72455/IISc_RESPIN_mr_D2_72455_NA_M_BANK_714341_71238753.wav
IISc_RESPIN_mr_D2_70795_422005_F_BANK_714510_70583312,D2,Banking,FEMALE,62.0,60.0,33.33,100.0,10,3,0,3,57,19,"सरकार, पायाभूत, ठिकाणे, विकास, करानी, करता, करना, वर, उपकरबी, लावस",WED: (3S+0D+3I)/10=60.0% | CED: 19/57=33.33% | OOV: 10/10=100.0% => 0.45*60.0 + 0.30*33.33 + 0.25*100.0 = 62.0,सरकार पायाभूत ठिकाणे विकास करानी करता करना वर उपकरबी लावस,सरकार पायाभूत ठिकाणे विकास करण्यासाठी उपकरणे लावतात,D2/70795/IISc_RESPIN_mr_D2_70795_422005_F_BANK_714510_70583312.wav
IISc_RESPIN_mr_D2_70404_422004_M_AGRI_712810_71175361,D2,Agriculture,MALE,55.68,50.0,27.27,100.0,8,2,0,2,44,12,"जनावरस, करता, फार्म, पशु, कल्याण, परिषद, बनाडेल, शे",WED: (2S+0D+2I)/8=50.0% | CED: 12/44=27.27% | OOV: 8/8=100.0% => 0.45*50.0 + 0.30*27.27 + 0.25*100.0 = 55.68,जनावरस करता फार्म पशु कल्याण परिषद बनाडेल शे,जनावरांना फार्म पशु कल्याण परिषद बनवतात,D2/70404/IISc_RESPIN_mr_D2_70404_422004_M_AGRI_712810_71175361.wav
IISc_RESPIN_mr_D2_70987_422004_F_BANK_713197_71034217,D2,Banking,FEMALE,54.94,57.14,26.0,85.71,7,2,1,1,50,13,"अनुदानित, हायी, कर्मचारीस्ना, फायदाना, रुपमा, दखतस",WED: (2S+1D+1I)/7=57.14% | CED: 13/50=26.0% | OOV: 6/7=85.71% => 0.45*57.14 + 0.30*26.0 + 0.25*85.71 = 54.94,अनुदानित कर्ज हायी कर्मचारीस्ना फायदाना रुपमा दखतस,अनुदानित कर्ज कर्मचार्यांना फायदाना रुपमा दखत आहे,D2/70987/IISc_RESPIN_mr_D2_70987_422004_F_BANK_713197_71034217.wav
IISc_RESPIN_mr_D2_71310_422006_F_BANK_712880_70781027,D2,Banking,FEMALE,54.32,50.0,22.73,100.0,8,3,0,1,44,10,"भारत, सरकार, लघु, उद्योगना, करता, पैसासनी, मदत, करस",WED: (3S+0D+1I)/8=50.0% | CED: 10/44=22.73% | OOV: 8/8=100.0% => 0.45*50.0 + 0.30*22.73 + 0.25*100.0 = 54.32,भारत सरकार लघु उद्योगना करता पैसासनी मदत करस,भारत सरकार लघु उद्योगासाठी पैसाची मदत करते,D2/71310/IISc_RESPIN_mr_D2_71310_422006_F_BANK_712880_70781027.wav
IISc_RESPIN_mr_D2_70429_400604_M_AGRI_713250_70474171,D2,Agriculture,MALE,54.17,66.67,25.0,66.67,6,3,0,1,32,8,"पिकनी, मा, येगयेगळा, लेतस",WED: (3S+0D+1I)/6=66.67% | CED: 8/32=25.0% | OOV: 4/6=66.67% => 0.45*66.67 + 0.30*25.0 + 0.25*66.67 = 54.17,पिकनी शेती मा येगयेगळा पिके लेतस,पिकनी शेतीमध्ये येगळे पिके घेतात,D2/70429/IISc_RESPIN_mr_D2_70429_400604_M_AGRI_713250_70474171.wav
IISc_RESPIN_mr_D2_70429_400604_M_AGRI_714312_70484539,D2,Agriculture,MALE,54.11,50.0,22.03,100.0,10,3,0,2,59,13,"ईकोनीस, शतकलोंग, हाऊ, उद्योग, लघु, उद्योग, म्हणीसन, ईकशीत, कराना, शे",WED: (3S+0D+2I)/10=50.0% | CED: 13/59=22.03% | OOV: 10/10=100.0% => 0.45*50.0 + 0.30*22.03 + 0.25*100.0 = 54.11,ईकोनीस शतकलोंग हाऊ उद्योग लघु उद्योग म्हणीसन ईकशीत कराना शे,ईकोनीस शतकले उद्योग लघु उद्योग म्हणून ईकशीत करावे?,D2/70429/IISc_RESPIN_mr_D2_70429_400604_M_AGRI_714312_70484539.wav
IISc_RESPIN_mr_D2_71422_422008_F_BANK_714447_70801484,D2,Banking,FEMALE,53.73,55.56,21.67,88.89,9,5,0,0,60,13,"युध्दना, कायमा, बराच, लोकेस्नी, बजारमा, पैसा, गुताडात, म्हणे",WED: (5S+0D+0I)/9=55.56% | CED: 13/60=21.67% | OOV: 8/9=88.89% => 0.45*55.56 + 0.30*21.67 + 0.25*88.89 = 53.73,युध्दना कायमा बराच लोकेस्नी शेअर बजारमा पैसा गुताडात म्हणे,युध्दना कायमा बराच लोकांचे शेअर बाजारात पैसे गुंतवतात म्हणते,D2/71422/IISc_RESPIN_mr_D2_71422_422008_F_BANK_714447_70801484.wav
IISc_RESPIN_mr_D2_70429_400604_M_BANK_713596_70473178,D2,Banking,MALE,52.6,46.15,29.17,92.31,13,3,0,3,72,21,"सामान्यत, खाता, ना, प्रकारमा, आपली, नियमित, जमा, मुद्रा, आन, सबसीडी, हाई, ह्रास",WED: (3S+0D+3I)/13=46.15% | CED: 21/72=29.17% | OOV: 12/13=92.31% => 0.45*46.15 + 0.30*29.17 + 0.25*92.31 = 52.6,"सामान्यत बचत खाता ना प्रकारमा आपली नियमित जमा , मुद्रा आन सबसीडी हाई ह्रास","सामान्यत बचत खात्यात आपली नियमित जमा, मुद्रा आणि सबसीडी आहे.",D2/70429/IISc_RESPIN_mr_D2_70429_400604_M_BANK_713596_70473178.wav
IISc_RESPIN_mr_D2_70436_431131_M_BANK_713132_71156643,D2,Banking,MALE,52.41,50.0,37.21,75.0,8,2,1,1,43,16,"ना, निव्वळ, नफामा, मार्जिन, भलतच, व्हतं",WED: (2S+1D+1I)/8=50.0% | CED: 16/43=37.21% | OOV: 6/8=75.0% => 0.45*50.0 + 0.30*37.21 + 0.25*75.0 = 52.41,राम ना निव्वळ नफामा मार्जिन भलतच कमी व्हतं,राम ना निव्वळ नफामध्ये मार्जिन कमी झाले आहे,D2/70436/IISc_RESPIN_mr_D2_70436_431131_M_BANK_713132_71156643.wav
IISc_RESPIN_mr_D2_72808_422012_M_AGRI_713265_71248791,D2,Agriculture,MALE,48.5,40.0,18.33,100.0,10,3,1,0,60,11,"ढोरक्या, जंगल, मैदान, आनी, वावरेसमा, दिनभर, ढोरे, चारत, फिरतस",WED: (3S+1D+0I)/10=40.0% | CED: 11/60=18.33% | OOV: 9/9=100.0% => 0.45*40.0 + 0.30*18.33 + 0.25*100.0 = 48.5,"ढोरक्या जंगल , मैदान आनी वावरेसमा दिनभर ढोरे चारत फिरतस","ढोरक्या जंगल, मैदान आणि वावरेसमध्ये दिनभर ढोरे चारत फिरत आहेत.",D2/72808/IISc_RESPIN_mr_D2_72808_422012_M_AGRI_713265_71248791.wav
IISc_RESPIN_mr_D2_71035_422008_F_AGRI_724731_70758685,D2,Agriculture,FEMALE,48.46,47.37,37.86,63.16,19,6,0,3,103,39,"तीन, सालमा, गोडा, पानीमधला, झिंगानं, आख्खा, जगमधलं, वरीसनं, लाख, ऐंशी, एवढं, व्हतं",WED: (6S+0D+3I)/19=47.37% | CED: 39/103=37.86% | OOV: 12/19=63.16% => 0.45*47.37 + 0.30*37.86 + 0.25*63.16 = 48.46,दोन हजार तीन या सालमा गोडा पानीमधला झिंगानं आख्खा जगमधलं वरीसनं उत्पन्न दोन लाख ऐंशी हजार टन एवढं व्हतं,दोन हजार तीन या वर्षी गोडा पानीमधला झिंगाने जगातील जगातील तेव्हा उत्पन्न दोन लाख टन एवढले.,D2/71035/IISc_RESPIN_mr_D2_71035_422008_F_AGRI_724731_70758685.wav
IISc_RESPIN_mr_D2_70423_422009_F_AGRI_714525_70448467,D2,Agriculture,FEMALE,47.25,50.0,20.0,75.0,8,4,0,0,60,12,"सेंद्रीय, शेतीमा, परंपरागत, शेतीना, तुलनामा, येस",WED: (4S+0D+0I)/8=50.0% | CED: 12/60=20.0% | OOV: 6/8=75.0% => 0.45*50.0 + 0.30*20.0 + 0.25*75.0 = 47.25,सेंद्रीय शेतीमा परंपरागत शेतीना तुलनामा कमी उत्पादन येस,सेंद्रीय शेतीमध्ये परंपरागत शेतीच्या तुलनेत कमी उत्पादन येते,D2/70423/IISc_RESPIN_mr_D2_70423_422009_F_AGRI_714525_70448467.wav
IISc_RESPIN_mr_D2_71074_422004_M_BANK_713341_71173116,D2,Banking,MALE,47.14,50.0,16.67,78.57,14,6,0,1,60,10,"यापारी, क्यू, आर, ना, उपेग, करीसन, यू, वरी, यवहार, करु, शकतस",WED: (6S+0D+1I)/14=50.0% | CED: 10/60=16.67% | OOV: 11/14=78.57% => 0.45*50.0 + 0.30*16.67 + 0.25*78.57 = 47.14,यापारी क्यू.आर.कोड ना उपेग करीसन यू.पी.आय वरी यवहार करु शकतस,यापारी क्यू.आर.कोडचा उपयोग करून यू.पी.आय वरून यवहार करू शकतो.,D2/71074/IISc_RESPIN_mr_D2_71074_422004_M_BANK_713341_71173116.wav
IISc_RESPIN_mr_D2_71690_422004_M_AGRI_714690_71017592,D2,Agriculture,MALE,46.24,50.0,19.61,71.43,8,3,1,0,51,10,"चवळीनं, राजस्थान, कर्नाटक, केरळमा, पिकसं",WED: (3S+1D+0I)/8=50.0% | CED: 10/51=19.61% | OOV: 5/7=71.43% => 0.45*50.0 + 0.30*19.61 + 0.25*71.43 = 46.24,"चवळीनं पीक राजस्थान , कर्नाटक , केरळमा जास्त पिकसं","चवळीचे पीक राजस्थान, कर्नाटक, केरळमध्ये जास्त पिक आहे.",D2/71690/IISc_RESPIN_mr_D2_71690_422004_M_AGRI_714690_71017592.wav
IISc_RESPIN_mr_D2_70339_422101_M_AGRI_712726_70508199,D2,Agriculture,MALE,46.22,44.44,13.33,88.89,9,2,0,2,45,6,"आलू, बुखारनी, भारत, ना, डोंगराय, भाग, मान, करतस",WED: (2S+0D+2I)/9=44.44% | CED: 6/45=13.33% | OOV: 8/9=88.89% => 0.45*44.44 + 0.30*13.33 + 0.25*88.89 = 46.22,आलू बुखारनी शेती भारत ना डोंगराय भाग मान करतस,आलू बुखारनी शेती भारताचा डोंगराय भाग मानतो,D2/70339/IISc_RESPIN_mr_D2_70339_422101_M_AGRI_712726_70508199.wav
IISc_RESPIN_mr_D2_70429_400604_M_AGRI_714218_70484529,D2,Agriculture,MALE,45.5,33.33,18.33,100.0,9,3,0,0,60,11,"जंगलतोडमझार, वन, जमिननं, रुपांतर, वावर, नैते, सयेरना, करता, व्हस",WED: (3S+0D+0I)/9=33.33% | CED: 11/60=18.33% | OOV: 9/9=100.0% => 0.45*33.33 + 0.30*18.33 + 0.25*100.0 = 45.5,जंगलतोडमझार वन जमिननं रुपांतर वावर नैते सयेरना करता व्हस,जंगलतोडमझार वन जमिनीचे स्वरूपांतर वावर नैते सयेरना करता येते.,D2/70429/IISc_RESPIN_mr_D2_70429_400604_M_AGRI_714218_70484529.wav
IISc_RESPIN_mr_D2_71310_422006_F_BANK_714760_70779187,D2,Banking,FEMALE,43.19,44.44,21.74,66.67,9,3,0,1,46,10,"झाया, तोटा, हाई, विवरण, पत्रकमा, समजस",WED: (3S+0D+1I)/9=44.44% | CED: 10/46=21.74% | OOV: 6/9=66.67% => 0.45*44.44 + 0.30*21.74 + 0.25*66.67 = 43.19,नफा झाया का तोटा हाई आर्थिक विवरण पत्रकमा समजस,नफा झाला का तोटा आर्थिक विवरण पत्रात समजतो.,D2/71310/IISc_RESPIN_mr_D2_71310_422006_F_BANK_714760_70779187.wav
IISc_RESPIN_mr_D2_71652_422005_F_BANK_715835_70901423,D2,Banking,FEMALE,42.3,50.0,3.51,75.0,8,2,0,2,57,2,"बँकेतील, देवाण, घेवाण, बँकेच्या, मार्गदर्शकां, नुसार",WED: (2S+0D+2I)/8=50.0% | CED: 2/57=3.51% | OOV: 6/8=75.0% => 0.45*50.0 + 0.30*3.51 + 0.25*75.0 = 42.3,बँकेतील देवाण घेवाण बँकेच्या काही मार्गदर्शकां नुसार असते,बँकेतील देवाणघेवाण बँकेच्या काही मार्गदर्शकांनुसार असते,D2/71652/IISc_RESPIN_mr_D2_71652_422005_F_BANK_715835_70901423.wav
IISc_RESPIN_mr_D2_71433_422009_F_BANK_715870_70807665,D2,Banking,FEMALE,39.9,33.33,8.93,88.89,9,2,0,1,56,5,"भविष्य, निर्वाह, ला, पेन्शन, निधीच्या, नावाने, ओळखलं, जातं",WED: (2S+0D+1I)/9=33.33% | CED: 5/56=8.93% | OOV: 8/9=88.89% => 0.45*33.33 + 0.30*8.93 + 0.25*88.89 = 39.9,भविष्य निर्वाह निधी ला पेन्शन निधीच्या नावाने ओळखलं जातं,भविष्य निर्वाह निधी पेन्शन निधीच्या नावाने ओळखले जाते,D2/71433/IISc_RESPIN_mr_D2_71433_422009_F_BANK_715870_70807665.wav
IISc_RESPIN_mr_D2_70999_440001_M_AGRI_713979_71190802,D2,Agriculture,MALE,39.36,33.33,11.76,83.33,6,2,0,0,34,4,"मगरिस, करनं, आपले, फायदामा, शे",WED: (2S+0D+0I)/6=33.33% | CED: 4/34=11.76% | OOV: 5/6=83.33% => 0.45*33.33 + 0.30*11.76 + 0.25*83.33 = 39.36,मगरिस संगोपन करनं आपले फायदामा शे,मगरिस संगोपन करणे आपले फायदामा आहे,D2/70999/IISc_RESPIN_mr_D2_70999_440001_M_AGRI_713979_71190802.wav
IISc_RESPIN_mr_D2_72424_422004_M_BANK_712873_71216522,D2,Banking,MALE,38.49,22.22,11.63,100.0,9,1,0,1,43,5,"हर, साल, ले, इंक्रिमेंट, व्हस, तशा, पगार, वाढत, जास",WED: (1S+0D+1I)/9=22.22% | CED: 5/43=11.63% | OOV: 9/9=100.0% => 0.45*22.22 + 0.30*11.63 + 0.25*100.0 = 38.49,हर साल ले इंक्रिमेंट व्हस तशा पगार वाढत जास,हर साल इंक्रिमेंट व्हस तशा पगार वाढत जातो?,D2/72424/IISc_RESPIN_mr_D2_72424_422004_M_BANK_712873_71216522.wav
IISc_RESPIN_mr_D2_70795_422005_F_BANK_714240_70583294,D2,Banking,FEMALE,38.11,28.57,12.77,85.71,7,2,0,0,47,6,"निव्वय, वर्तमान, सवलतना, दरवर, अवलंबून, रहास",WED: (2S+0D+0I)/7=28.57% | CED: 6/47=12.77% | OOV: 6/7=85.71% => 0.45*28.57 + 0.30*12.77 + 0.25*85.71 = 38.11,निव्वय वर्तमान मूल्य सवलतना दरवर अवलंबून रहास,निव्वय वर्तमान मूल्य सवल्यास दरवर अवलंबून राहतो.,D2/70795/IISc_RESPIN_mr_D2_70795_422005_F_BANK_714240_70583294.wav
IISc_RESPIN_mr_D2_72413_422004_M_AGRI_716387_71196630,D2,Agriculture,MALE,36.74,33.33,3.03,83.33,6,1,0,1,33,1,"लिली, च्या, फुलाला, पाकळया, असतात",WED: (1S+0D+1I)/6=33.33% | CED: 1/33=3.03% | OOV: 5/6=83.33% => 0.45*33.33 + 0.30*3.03 + 0.25*83.33 = 36.74,लिली च्या फुलाला सहा पाकळया असतात,लिलीच्या फुलाला सहा पाकळया असतात,D2/72413/IISc_RESPIN_mr_D2_72413_422004_M_AGRI_716387_71196630.wav
IISc_RESPIN_mr_D2_72304_410506_M_AGRI_714332_71065807,D2,Agriculture,MALE,36.17,28.57,18.18,71.43,7,1,0,1,33,6,"पशु, हाई, पैसा, देणारं, शे",WED: (1S+0D+1I)/7=28.57% | CED: 6/33=18.18% | OOV: 5/7=71.43% => 0.45*28.57 + 0.30*18.18 + 0.25*71.43 = 36.17,पशु खत हाई पैसा देणारं उत्पादन शे,पशु खत पैसा देणारं उत्पादन आहे,D2/72304/IISc_RESPIN_mr_D2_72304_410506_M_AGRI_714332_71065807.wav
IISc_RESPIN_mr_D2_70795_422005_F_BANK_713090_70582530,D2,Banking,FEMALE,35.67,36.36,11.32,63.64,11,2,0,2,53,6,"तुले, स्पॉट, बाजार, नी, माहीत, पडेल, शे",WED: (2S+0D+2I)/11=36.36% | CED: 6/53=11.32% | OOV: 7/11=63.64% => 0.45*36.36 + 0.30*11.32 + 0.25*63.64 = 35.67,तुले स्पॉट बाजार नी काही नवीन माहिती माहीत पडेल शे का ?,तुला स्पॉट बाजाराची काही नवीन माहिती माहीत पडेल का?,D2/70795/IISc_RESPIN_mr_D2_70795_422005_F_BANK_713090_70582530.wav
IISc_RESPIN_mr_D2_71439_422004_F_AGRI_713902_70786465,D2,Agriculture,FEMALE,35.54,33.33,12.9,66.67,6,2,0,0,31,4,"एकल, खतना, दर्जा, शे",WED: (2S+0D+0I)/6=33.33% | CED: 4/31=12.9% | OOV: 4/6=66.67% => 0.45*33.33 + 0.30*12.9 + 0.25*66.67 = 35.54,एकल पोषक खतना दर्जा चांगला शे,एकल पोषक खताचा दर्जा चांगला आहे,D2/71439/IISc_RESPIN_mr_D2_71439_422004_F_AGRI_713902_70786465.wav
IISc_RESPIN_mr_D2_70795_422005_F_AGRI_715747_70584494,D2,Agriculture,FEMALE,35.07,28.57,2.63,85.71,7,1,0,1,38,1,"पिक, कापणी, नंतर, वेळ, पिक, साठवण्याची",WED: (1S+0D+1I)/7=28.57% | CED: 1/38=2.63% | OOV: 6/7=85.71% => 0.45*28.57 + 0.30*2.63 + 0.25*85.71 = 35.07,पिक कापणी नंतर वेळ येते पिक साठवण्याची,पिक कापणीनंतर वेळ येते पिक साठवण्याची,D2/70795/IISc_RESPIN_mr_D2_70795_422005_F_AGRI_715747_70584494.wav
IISc_RESPIN_mr_D2_70423_422009_F_BANK_713056_70444378,D2,Banking,FEMALE,35.04,25.0,6.38,87.5,8,2,0,0,47,3,"नवजात, उद्योजकतावाला, तीन, महिना, पगार, शकतस, नयी",WED: (2S+0D+0I)/8=25.0% | CED: 3/47=6.38% | OOV: 7/8=87.5% => 0.45*25.0 + 0.30*6.38 + 0.25*87.5 = 35.04,नवजात उद्योजकतावाला तीन महिना पगार देऊ शकतस नयी,नवजात उद्योजकतावाला तीन महिना पगार देऊ शकत नाही,D2/70423/IISc_RESPIN_mr_D2_70423_422009_F_BANK_713056_70444378.wav
IISc_RESPIN_mr_D2_70429_400604_M_AGRI_714351_70473190,D2,Agriculture,MALE,34.73,37.5,17.86,50.0,8,2,0,1,56,10,"योजनानी, करता, पाच, लागतस",WED: (2S+0D+1I)/8=37.5% | CED: 10/56=17.86% | OOV: 4/8=50.0% => 0.45*37.5 + 0.30*17.86 + 0.25*50.0 = 34.73,प्रधानमंत्री कृषी सिंचन योजनानी करता पाच कागदपत्रे लागतस,प्रधानमंत्री कृषी सिंचन योजनेसाठी पाच कागदपत्रे लागतात,D2/70429/IISc_RESPIN_mr_D2_70429_400604_M_AGRI_714351_70473190.wav
IISc_RESPIN_mr_D2_70339_422101_M_AGRI_715311_70508665,D2,Agriculture,MALE,34.59,30.0,3.64,80.0,10,2,0,1,55,2,"आरारोट, ची, पेस्ट, जखमेवर, लावल्यास, रक्त, येणं, होतं",WED: (2S+0D+1I)/10=30.0% | CED: 2/55=3.64% | OOV: 8/10=80.0% => 0.45*30.0 + 0.30*3.64 + 0.25*80.0 = 34.59,आरारोट ची पेस्ट करून जखमेवर लावल्यास रक्त येणं बंद होतं,आरारोटची पेस्ट करून जखमेवर लावल्यास रक्त येणं बंद होते,D2/70339/IISc_RESPIN_mr_D2_70339_422101_M_AGRI_715311_70508665.wav
IISc_RESPIN_mr_D2_70429_400604_M_BANK_715223_70484670,D2,Banking,MALE,33.6,27.27,2.9,81.82,11,2,0,1,69,2,"सुशीला, ने, आपली, भरून, नेट, बँकिंग, सुविधेसाठी, रजिस्ट्रेशन, केल",WED: (2S+0D+1I)/11=27.27% | CED: 2/69=2.9% | OOV: 9/11=81.82% => 0.45*27.27 + 0.30*2.9 + 0.25*81.82 = 33.6,सुशीला ने आपली सर्व माहिती भरून नेट बँकिंग सुविधेसाठी रजिस्ट्रेशन केल,सुशीलाने आपली सर्व माहिती भरून नेट बँकिंग सुविधेसाठी रजिस्ट्रेशन केले,D2/70429/IISc_RESPIN_mr_D2_70429_400604_M_BANK_715223_70484670.wav
IISc_RESPIN_mr_D2_70423_422009_F_BANK_713293_70449197,D2,Banking,FEMALE,32.67,28.57,6.52,71.43,7,2,0,0,46,3,"रोहितनी, पंजाब, नॅशनल, बँकनं, तपासं",WED: (2S+0D+0I)/7=28.57% | CED: 3/46=6.52% | OOV: 5/7=71.43% => 0.45*28.57 + 0.30*6.52 + 0.25*71.43 = 32.67,रोहितनी पंजाब नॅशनल बँकनं पासबुक ऑनलाइन तपासं,रोहितनी पंजाब नॅशनल बँकने पासबुक ऑनलाइन तपासले,D2/70423/IISc_RESPIN_mr_D2_70423_422009_F_BANK_713293_70449197.wav
IISc_RESPIN_mr_D2_71690_422004_M_AGRI_714300_71017573,D2,Agriculture,MALE,32.53,20.0,11.76,80.0,5,1,0,0,34,4,"कारखानामझार, ऊसपासून, गूय, बनाडतंस",WED: (1S+0D+0I)/5=20.0% | CED: 4/34=11.76% | OOV: 4/5=80.0% => 0.45*20.0 + 0.30*11.76 + 0.25*80.0 = 32.53,ऊस कारखानामझार ऊसपासून गूय बनाडतंस,ऊस कारखानामझार ऊसपासून गूय बनवतात,D2/71690/IISc_RESPIN_mr_D2_71690_422004_M_AGRI_714300_71017573.wav
IISc_RESPIN_mr_D2_70371_422008_F_AGRI_713887_70464820,D2,Agriculture,FEMALE,31.76,25.0,5.88,75.0,8,2,0,0,51,3,"राजू, घरगुती, ग्रीनहाऊसमा, काच, वापरतस, समजना",WED: (2S+0D+0I)/8=25.0% | CED: 3/51=5.88% | OOV: 6/8=75.0% => 0.45*25.0 + 0.30*5.88 + 0.25*75.0 = 31.76,राजू घरगुती ग्रीनहाऊसमा चांगला काच वापरतस समजना का,राजू घरगुती ग्रीनहाऊसमा चांगले काच वापरतात समजना का?,D2/70371/IISc_RESPIN_mr_D2_70371_422008_F_AGRI_713887_70464820.wav
IISc_RESPIN_mr_D2_71035_422008_F_AGRI_716029_70736999,D2,Agriculture,FEMALE,31.16,30.0,17.19,50.0,10,3,0,0,64,11,"मेंढ्या, पाळणे, जगातल्या, सगळ्यात, व्यवसायामधलं",WED: (3S+0D+0I)/10=30.0% | CED: 11/64=17.19% | OOV: 5/10=50.0% => 0.45*30.0 + 0.30*17.19 + 0.25*50.0 = 31.16,मेंढ्या पाळणे हा जगातल्या सगळ्यात जुन्या व्यवसायामधलं एक काम आहे,मेंढ्या पाळणे हा जगातील सर्वात जुन्या व्यवसायांचे एक काम आहे,D2/71035/IISc_RESPIN_mr_D2_71035_422008_F_AGRI_716029_70736999.wav
IISc_RESPIN_mr_D2_71081_422009_F_AGRI_712772_71140378,D2,Agriculture,FEMALE,30.65,14.29,9.3,85.71,7,1,0,0,43,4,"क्रेप, चमेलीना, फूलसकन, माला, जयमाला, बनाडतस",WED: (1S+0D+0I)/7=14.29% | CED: 4/43=9.3% | OOV: 6/7=85.71% => 0.45*14.29 + 0.30*9.3 + 0.25*85.71 = 30.65,क्रेप चमेलीना फूलसकन माला आणि जयमाला बनाडतस,क्रेप चमेलीना फूलसकन माला आणि जयमाला बनवतात,D2/71081/IISc_RESPIN_mr_D2_71081_422009_F_AGRI_712772_71140378.wav
IISc_RESPIN_mr_D2_70429_400604_M_AGRI_717513_70488183,D2,Agriculture,MALE,29.7,30.0,4.0,60.0,10,2,0,1,50,2,"शेतीमाल, विकण्यासाठी, स्वत, चे, ॲप, करु",WED: (2S+0D+1I)/10=30.0% | CED: 2/50=4.0% | OOV: 6/10=60.0% => 0.45*30.0 + 0.30*4.0 + 0.25*60.0 = 29.7,शेतीमाल विकण्यासाठी मी स्वत:चे ॲप तयार करु शकतो का ?,शेतीमाल विकण्यासाठी मी स्वतःचे ॲप तयार करू शकतो का?,D2/70429/IISc_RESPIN_mr_D2_70429_400604_M_AGRI_717513_70488183.wav
IISc_RESPIN_mr_D2_71062_421004_F_AGRI_713892_70895731,D2,Agriculture,FEMALE,29.48,14.29,5.41,85.71,7,1,0,0,37,2,"फळस, झाळे, कलम, बियापासिन, वाढू, शकतस",WED: (1S+0D+0I)/7=14.29% | CED: 2/37=5.41% | OOV: 6/7=85.71% => 0.45*14.29 + 0.30*5.41 + 0.25*85.71 = 29.48,फळस झाळे कलम आणि बियापासिन वाढू शकतस,फळस झाळे कलम आणि बियापासिन वाढू शकतात,D2/71062/IISc_RESPIN_mr_D2_71062_421004_F_AGRI_713892_70895731.wav
IISc_RESPIN_mr_D2_71035_422008_F_BANK_715681_70762859,D2,Banking,FEMALE,29.3,12.5,6.0,87.5,8,1,0,0,50,3,"त्यामधून, सगळ्यात, मुख्य, वित्तीय, लेखा, मानक, बोर्ड",WED: (1S+0D+0I)/8=12.5% | CED: 3/50=6.0% | OOV: 7/8=87.5% => 0.45*12.5 + 0.30*6.0 + 0.25*87.5 = 29.3,त्यामधून सगळ्यात मुख्य वित्तीय लेखा मानक बोर्ड आहे,त्यामधून सर्वात मुख्य वित्तीय लेखा मानक बोर्ड आहे,D2/71035/IISc_RESPIN_mr_D2_71035_422008_F_BANK_715681_70762859.wav
IISc_RESPIN_mr_D2_70423_422009_F_AGRI_715928_70437961,D2,Agriculture,FEMALE,25.0,0.0,0.0,100.0,7,0,0,0,55,0,"मगरींना, पाळण्यासाठी, त्यांना, दलदलीच्या, ठिकाणी, ठेवलं, जातं",WED: (0S+0D+0I)/7=0.0% | CED: 0/55=0.0% | OOV: 7/7=100.0% => 0.45*0.0 + 0.30*0.0 + 0.25*100.0 = 25.0,मगरींना पाळण्यासाठी त्यांना दलदलीच्या ठिकाणी ठेवलं जातं,मगरींना पाळण्यासाठी त्यांना दलदलीच्या ठिकाणी ठेवलं जातं,D2/70423/IISc_RESPIN_mr_D2_70423_422009_F_AGRI_715928_70437961.wav
IISc_RESPIN_mr_D2_70795_422005_F_BANK_715930_70582519,D2,Banking,FEMALE,25.0,0.0,0.0,100.0,6,0,0,0,42,0,"मजेत, उद्योजकतेचा, आधार, नफ्यावर, अवलंबून, नसतो",WED: (0S+0D+0I)/6=0.0% | CED: 0/42=0.0% | OOV: 6/6=100.0% => 0.45*0.0 + 0.30*0.0 + 0.25*100.0 = 25.0,मजेत उद्योजकतेचा आधार नफ्यावर अवलंबून नसतो,मजेत उद्योजकतेचा आधार नफ्यावर अवलंबून नसतो,D2/70795/IISc_RESPIN_mr_D2_70795_422005_F_BANK_715930_70582519.wav
IISc_RESPIN_mr_D2_72312_441102_M_BANK_717954_71162935,D2,Banking,MALE,25.0,0.0,0.0,100.0,5,0,0,0,43,0,"कर्जफेडीच्या, शेवटच्या, हफ्त्याची, तारीख, सांगा",WED: (0S+0D+0I)/5=0.0% | CED: 0/43=0.0% | OOV: 5/5=100.0% => 0.45*0.0 + 0.30*0.0 + 0.25*100.0 = 25.0,कर्जफेडीच्या शेवटच्या हफ्त्याची तारीख सांगा,कर्जफेडीच्या शेवटच्या हफ्त्याची तारीख सांगा,D2/72312/IISc_RESPIN_mr_D2_72312_441102_M_BANK_717954_71162935.wav
IISc_RESPIN_mr_D2_71433_422009_F_BANK_718573_70820192,D2,Banking,FEMALE,24.68,42.86,6.06,14.29,7,1,0,2,33,2,अद्यावत,WED: (1S+0D+2I)/7=42.86% | CED: 2/33=6.06% | OOV: 1/7=14.29% => 0.45*42.86 + 0.30*6.06 + 0.25*14.29 = 24.68,के.वाय.सी अद्यावत करणे म्हणजे काय ?,केवायसी अद्यावत करणे म्हणजे काय?,D2/71433/IISc_RESPIN_mr_D2_71433_422009_F_BANK_718573_70820192.wav
IISc_RESPIN_mr_D2_72440_422004_M_BANK_716002_71235649,D2,Banking,MALE,24.12,20.0,5.95,53.33,15,2,0,1,84,5,"ओपन, एंडेड, म्युचल, फंड, त्यामधून, कधीही, बाहेर, पडू",WED: (2S+0D+1I)/15=20.0% | CED: 5/84=5.95% | OOV: 8/15=53.33% => 0.45*20.0 + 0.30*5.95 + 0.25*53.33 = 24.12,"मी ओपन एंडेड म्युचल फंड मध्ये गुंतवणूक केली होती , त्यामधून मी कधीही बाहेर पडू शकते","मी ओपन एंडेड म्युच्युअल फंडमध्ये गुंतवणूक केली होती, त्यामधून मी कधीही बाहेर पडू शकते.",D2/72440/IISc_RESPIN_mr_D2_72440_422004_M_BANK_716002_71235649.wav
IISc_RESPIN_mr_D2_71652_422005_F_BANK_716685_70901412,D2,Banking,FEMALE,22.22,0.0,0.0,88.89,9,0,0,0,64,0,"चोऱ्यांना, आळा, घालण्यासाठी, राजकीय, पोलिसांना, सज्ज, राहावे, लागते",WED: (0S+0D+0I)/9=0.0% | CED: 0/64=0.0% | OOV: 8/9=88.89% => 0.45*0.0 + 0.30*0.0 + 0.25*88.89 = 22.22,बँक चोऱ्यांना आळा घालण्यासाठी राजकीय पोलिसांना सज्ज राहावे लागते,बँक चोऱ्यांना आळा घालण्यासाठी राजकीय पोलिसांना सज्ज राहावे लागते,D2/71652/IISc_RESPIN_mr_D2_71652_422005_F_BANK_716685_70901412.wav
IISc_RESPIN_mr_D2_71439_422004_F_AGRI_716840_70786459,D2,Agriculture,FEMALE,21.88,0.0,0.0,87.5,8,0,0,0,58,0,"बंगाल, हरभरा, मानवी, अन्नासाठी, तसेच, प्राण्यांसाठी, वापरला",WED: (0S+0D+0I)/8=0.0% | CED: 0/58=0.0% | OOV: 7/8=87.5% => 0.45*0.0 + 0.30*0.0 + 0.25*87.5 = 21.88,बंगाल हरभरा मानवी अन्नासाठी तसेच प्राण्यांसाठी वापरला जातो,बंगाल हरभरा मानवी अन्नासाठी तसेच प्राण्यांसाठी वापरला जातो,D2/71439/IISc_RESPIN_mr_D2_71439_422004_F_AGRI_716840_70786459.wav
IISc_RESPIN_mr_D2_72312_441102_M_BANK_715120_71156874,D2,Banking,MALE,21.88,0.0,0.0,87.5,8,0,0,0,76,0,"मनीऑर्डर, पाठवण्यापूर्वी, जोगिंदरने, प्राप्तकर्त्याच्या, जागी, रोहितचे, लिहिले",WED: (0S+0D+0I)/8=0.0% | CED: 0/76=0.0% | OOV: 7/8=87.5% => 0.45*0.0 + 0.30*0.0 + 0.25*87.5 = 21.88,मनीऑर्डर पाठवण्यापूर्वी जोगिंदरने प्राप्तकर्त्याच्या जागी रोहितचे नाव लिहिले,मनीऑर्डर पाठवण्यापूर्वी जोगिंदरने प्राप्तकर्त्याच्या जागी रोहितचे नाव लिहिले,D2/72312/IISc_RESPIN_mr_D2_72312_441102_M_BANK_715120_71156874.wav
IISc_RESPIN_mr_D2_72304_410506_M_AGRI_716201_71065995,D2,Agriculture,MALE,21.43,0.0,0.0,85.71,7,0,0,0,48,0,"शेवाळ, नाशक, पाण्यामध्ये, असणाऱ्या, जंतूंचा, नाश",WED: (0S+0D+0I)/7=0.0% | CED: 0/48=0.0% | OOV: 6/7=85.71% => 0.45*0.0 + 0.30*0.0 + 0.25*85.71 = 21.43,शेवाळ नाशक पाण्यामध्ये असणाऱ्या जंतूंचा नाश करते,शेवाळ नाशक पाण्यामध्ये असणाऱ्या जंतूंचा नाश करते,D2/72304/IISc_RESPIN_mr_D2_72304_410506_M_AGRI_716201_71065995.wav
IISc_RESPIN_mr_D2_71439_422004_F_BANK_718344_70803769,D2,Banking,FEMALE,21.41,25.0,2.63,37.5,8,1,0,1,38,1,"बॉण्ड, साठी, करता",WED: (1S+0D+1I)/8=25.0% | CED: 1/38=2.63% | OOV: 3/8=37.5% => 0.45*25.0 + 0.30*2.63 + 0.25*37.5 = 21.41,गोल्ड बॉण्ड साठी मला अर्ज करता येईल का ?,गोल्ड बॉण्डसाठी मला अर्ज करता येईल का?,D2/71439/IISc_RESPIN_mr_D2_71439_422004_F_BANK_718344_70803769.wav
IISc_RESPIN_mr_D2_70429_400604_M_AGRI_716975_70484684,D2,Agriculture,MALE,21.29,14.29,1.92,57.14,7,1,0,0,52,1,"बाजारातच, विकण्यास, प्राधान्य, देतात",WED: (1S+0D+0I)/7=14.29% | CED: 1/52=1.92% | OOV: 4/7=57.14% => 0.45*14.29 + 0.30*1.92 + 0.25*57.14 = 21.29,शेतकरी शेतातील पीक बाजारातच विकण्यास प्राधान्य देतात,शेतकरी शेतातील पीक बाजारात विकण्यास प्राधान्य देतात,D2/70429/IISc_RESPIN_mr_D2_70429_400604_M_AGRI_716975_70484684.wav
IISc_RESPIN_mr_D2_70371_422008_F_AGRI_715842_70453640,D2,Agriculture,FEMALE,20.83,0.0,0.0,83.33,6,0,0,0,29,0,"बल्क, टँक, स्टील, चा, बनलेला",WED: (0S+0D+0I)/6=0.0% | CED: 0/29=0.0% | OOV: 5/6=83.33% => 0.45*0.0 + 0.30*0.0 + 0.25*83.33 = 20.83,बल्क टँक स्टील चा बनलेला असतो,बल्क टँक स्टील चा बनलेला असतो,D2/70371/IISc_RESPIN_mr_D2_70371_422008_F_AGRI_715842_70453640.wav
IISc_RESPIN_mr_D2_70371_422008_F_AGRI_717650_70465160,D2,Agriculture,FEMALE,20.83,0.0,0.0,83.33,6,0,0,0,33,0,"बटाटा, ह्या, पिकाची, लागवड, करावी",WED: (0S+0D+0I)/6=0.0% | CED: 0/33=0.0% | OOV: 5/6=83.33% => 0.45*0.0 + 0.30*0.0 + 0.25*83.33 = 20.83,बटाटा ह्या पिकाची लागवड कशी करावी ?,बटाटा ह्या पिकाची लागवड कशी करावी?,D2/70371/IISc_RESPIN_mr_D2_70371_422008_F_AGRI_717650_70465160.wav
IISc_RESPIN_mr_D2_70371_422008_F_BANK_715038_70453449,D2,Banking,FEMALE,20.45,0.0,0.0,81.82,11,0,0,0,76,0,"पे, रोल, एखाद्या, कंपनीने, तिच्या, कर्मचाऱ्यांना, मेहनताना, देण्याचे, होय",WED: (0S+0D+0I)/11=0.0% | CED: 0/76=0.0% | OOV: 9/11=81.82% => 0.45*0.0 + 0.30*0.0 + 0.25*81.82 = 20.45,पे रोल म्हणजे एखाद्या कंपनीने तिच्या कर्मचाऱ्यांना मेहनताना देण्याचे काम होय,पे रोल म्हणजे एखाद्या कंपनीने तिच्या कर्मचाऱ्यांना मेहनताना देण्याचे काम होय,D2/70371/IISc_RESPIN_mr_D2_70371_422008_F_BANK_715038_70453449.wav
IISc_RESPIN_mr_D2_70795_422005_F_AGRI_717567_70585552,D2,Agriculture,FEMALE,20.0,0.0,0.0,80.0,5,0,0,0,33,0,"पेरूवरील, अळीचा, बंदोबस्त, करावा",WED: (0S+0D+0I)/5=0.0% | CED: 0/33=0.0% | OOV: 4/5=80.0% => 0.45*0.0 + 0.30*0.0 + 0.25*80.0 = 20.0,पेरूवरील अळीचा बंदोबस्त कसा करावा ?,पेरूवरील अळीचा बंदोबस्त कसा करावा?,D2/70795/IISc_RESPIN_mr_D2_70795_422005_F_AGRI_717567_70585552.wav
IISc_RESPIN_mr_D2_71433_422009_F_BANK_716427_70808405,D2,Banking,FEMALE,20.0,0.0,0.0,80.0,10,0,0,0,75,0,"ग्राहक, पॅकेज, वस्तूंच्या, उत्पादकांद्वारे, कस्टम, कूपन, जारी, जातात",WED: (0S+0D+0I)/10=0.0% | CED: 0/75=0.0% | OOV: 8/10=80.0% => 0.45*0.0 + 0.30*0.0 + 0.25*80.0 = 20.0,ग्राहक पॅकेज केलेल्या वस्तूंच्या उत्पादकांद्वारे कस्टम कूपन जारी केले जातात,ग्राहक पॅकेज केलेल्या वस्तूंच्या उत्पादकांद्वारे कस्टम कूपन जारी केले जातात,D2/71433/IISc_RESPIN_mr_D2_71433_422009_F_BANK_716427_70808405.wav
IISc_RESPIN_mr_D2_71439_422004_F_AGRI_716418_70788281,D2,Agriculture,FEMALE,19.64,0.0,0.0,78.57,14,0,0,0,89,0,"हळद, चार, ते, पाच, फुटांपर्यंत, वाढणारी, असून, ती, झाडाच्या, मुळांच्या, गाठींमध्ये",WED: (0S+0D+0I)/14=0.0% | CED: 0/89=0.0% | OOV: 11/14=78.57% => 0.45*0.0 + 0.30*0.0 + 0.25*78.57 = 19.64,हळद ही चार ते पाच फुटांपर्यंत वाढणारी वनस्पती असून ती झाडाच्या मुळांच्या गाठींमध्ये आढळते,हळद ही चार ते पाच फुटांपर्यंत वाढणारी वनस्पती असून ती झाडाच्या मुळांच्या गाठींमध्ये आढळते,D2/71439/IISc_RESPIN_mr_D2_71439_422004_F_AGRI_716418_70788281.wav
IISc_RESPIN_mr_D2_70371_422008_F_BANK_718464_70465138,D2,Banking,FEMALE,18.5,25.0,3.33,25.0,8,1,0,1,30,1,"यू, चा",WED: (1S+0D+1I)/8=25.0% | CED: 1/30=3.33% | OOV: 2/8=25.0% => 0.45*25.0 + 0.30*3.33 + 0.25*25.0 = 18.5,यू.पी.आय चा वापर कसा केला जातो ?,यू.पी.आयचा वापर कसा केला जातो?,D2/70371/IISc_RESPIN_mr_D2_70371_422008_F_BANK_718464_70465138.wav
IISc_RESPIN_mr_D2_70339_422101_M_AGRI_715831_70508091,D2,Agriculture,MALE,18.18,0.0,0.0,72.73,11,0,0,0,76,0,"बकरीच्या, उच्च, अनुवांशिक, योग्यतेच्या, नोंदणी, असलेल्या, फक्त, बारा",WED: (0S+0D+0I)/11=0.0% | CED: 0/76=0.0% | OOV: 8/11=72.73% => 0.45*0.0 + 0.30*0.0 + 0.25*72.73 = 18.18,बकरीच्या उच्च अनुवांशिक योग्यतेच्या नोंदणी असलेल्या जाती फक्त बारा जाती आहेत,बकरीच्या उच्च अनुवांशिक योग्यतेच्या नोंदणी असलेल्या जाती फक्त बारा जाती आहेत,D2/70339/IISc_RESPIN_mr_D2_70339_422101_M_AGRI_715831_70508091.wav
IISc_RESPIN_mr_D2_70371_422008_F_AGRI_717732_70465141,D2,Agriculture,FEMALE,17.95,9.09,8.33,45.45,11,1,0,0,72,6,"द्राक्षावर, पडू, खबरदारी, उपाययोजना, करावी",WED: (1S+0D+0I)/11=9.09% | CED: 6/72=8.33% | OOV: 5/11=45.45% => 0.45*9.09 + 0.30*8.33 + 0.25*45.45 = 17.95,द्राक्षावर कोणते रोग पडू शकतात ? त्याची खबरदारी म्हणून काय उपाययोजना करावी ?,द्राक्षावर कोणते रोग पडू शकतात? त्याची माहिती म्हणून काय उपाययोजना करावी?,D2/70371/IISc_RESPIN_mr_D2_70371_422008_F_AGRI_717732_70465141.wav
IISc_RESPIN_mr_D2_70423_422009_F_AGRI_717361_70451346,D2,Agriculture,FEMALE,17.86,0.0,0.0,71.43,7,0,0,0,43,0,"तूरीची, लागवड, जानेवारी, महिन्यात, करता",WED: (0S+0D+0I)/7=0.0% | CED: 0/43=0.0% | OOV: 5/7=71.43% => 0.45*0.0 + 0.30*0.0 + 0.25*71.43 = 17.86,तूरीची लागवड जानेवारी महिन्यात करता येईल का ?,तूरीची लागवड जानेवारी महिन्यात करता येईल का?,D2/70423/IISc_RESPIN_mr_D2_70423_422009_F_AGRI_717361_70451346.wav
IISc_RESPIN_mr_D2_71035_422008_F_AGRI_714907_70736963,D2,Agriculture,FEMALE,17.86,0.0,0.0,71.43,7,0,0,0,45,0,"केळीच्या, झाडाच्या, खोडाच्या, केळीचे, फूल",WED: (0S+0D+0I)/7=0.0% | CED: 0/45=0.0% | OOV: 5/7=71.43% => 0.45*0.0 + 0.30*0.0 + 0.25*71.43 = 17.86,केळीच्या झाडाच्या खोडाच्या आत केळीचे फूल असते,केळीच्या झाडाच्या खोडाच्या आत केळीचे फूल असते,D2/71035/IISc_RESPIN_mr_D2_71035_422008_F_AGRI_714907_70736963.wav
IISc_RESPIN_mr_D2_70970_422003_F_BANK_718357_71229310,D2,Banking,FEMALE,17.86,0.0,0.0,71.43,7,0,0,0,41,0,"विम्याचा, हफ्ता, सहामाही, कि, मासिक",WED: (0S+0D+0I)/7=0.0% | CED: 0/41=0.0% | OOV: 5/7=71.43% => 0.45*0.0 + 0.30*0.0 + 0.25*71.43 = 17.86,विम्याचा हफ्ता सहामाही असतो कि मासिक असतो ?,विम्याचा हफ्ता सहामाही असतो कि मासिक असतो?,D2/70970/IISc_RESPIN_mr_D2_70970_422003_F_BANK_718357_71229310.wav
IISc_RESPIN_mr_D2_71035_422008_F_BANK_715063_70758166,D2,Banking,FEMALE,17.5,0.0,0.0,70.0,10,0,0,0,74,0,"जाऊन, रमेशने, प्रभारी, अधिकाऱ्याच्या, मदतीने, उरलेली, बघितली",WED: (0S+0D+0I)/10=0.0% | CED: 0/74=0.0% | OOV: 7/10=70.0% => 0.45*0.0 + 0.30*0.0 + 0.25*70.0 = 17.5,बँकेत जाऊन रमेशने प्रभारी अधिकाऱ्याच्या मदतीने कर्जाची उरलेली रक्कम बघितली,बँकेत जाऊन रमेशने प्रभारी अधिकाऱ्याच्या मदतीने कर्जाची उरलेली रक्कम बघितली,D2/71035/IISc_RESPIN_mr_D2_71035_422008_F_BANK_715063_70758166.wav
IISc_RESPIN_mr_D2_71035_422008_F_AGRI_716198_70763703,D2,Agriculture,FEMALE,17.26,8.33,3.37,50.0,12,1,0,0,89,3,"सगळ्यात, चांगल्या, उपकरणांचा, सल्ला, पद्धतींचा, विकास",WED: (1S+0D+0I)/12=8.33% | CED: 3/89=3.37% | OOV: 6/12=50.0% => 0.45*8.33 + 0.30*3.37 + 0.25*50.0 = 17.26,"शेतीसाठी सगळ्यात चांगल्या उपकरणांचा उपयोग करण्याचा सल्ला म्हणजे , नवीन पद्धतींचा विकास करणे",शेतीसाठी सर्वात चांगल्या उपकरणांचा उपयोग करण्याचा सल्ला म्हणजे नवीन पद्धतींचा विकास करणे,D2/71035/IISc_RESPIN_mr_D2_71035_422008_F_AGRI_716198_70763703.wav
IISc_RESPIN_mr_D2_70371_422008_F_BANK_718316_70464905,D2,Banking,FEMALE,16.67,0.0,0.0,66.67,6,0,0,0,39,0,"काढायला, कुठली, स्लीप, लागते",WED: (0S+0D+0I)/6=0.0% | CED: 0/39=0.0% | OOV: 4/6=66.67% => 0.45*0.0 + 0.30*0.0 + 0.25*66.67 = 16.67,बँकेतून रक्कम काढायला कुठली स्लीप लागते ?,बँकेतून रक्कम काढायला कुठली स्लीप लागते?,D2/70371/IISc_RESPIN_mr_D2_70371_422008_F_BANK_718316_70464905.wav
IISc_RESPIN_mr_D2_70795_422005_F_AGRI_717429_70585433,D2,Agriculture,FEMALE,16.67,0.0,0.0,66.67,9,0,0,0,61,0,"हिरव्या, मिरचीची, तोडणी, झाल्यानंतर, कालावधीत, वाळवू",WED: (0S+0D+0I)/9=0.0% | CED: 0/61=0.0% | OOV: 6/9=66.67% => 0.45*0.0 + 0.30*0.0 + 0.25*66.67 = 16.67,हिरव्या मिरचीची तोडणी झाल्यानंतर किती कालावधीत आपण वाळवू शकतो ?,हिरव्या मिरचीची तोडणी झाल्यानंतर किती कालावधीत आपण वाळवू शकतो?,D2/70795/IISc_RESPIN_mr_D2_70795_422005_F_AGRI_717429_70585433.wav
IISc_RESPIN_mr_D2_71433_422009_F_BANK_715768_70793980,D2,Banking,FEMALE,16.67,0.0,0.0,66.67,6,0,0,0,38,0,"पूर्ण, प्रबळ, राज्याची, संपत्ती",WED: (0S+0D+0I)/6=0.0% | CED: 0/38=0.0% | OOV: 4/6=66.67% => 0.45*0.0 + 0.30*0.0 + 0.25*66.67 = 16.67,पूर्ण प्रबळ निधी राज्याची संपत्ती असते,पूर्ण प्रबळ निधी राज्याची संपत्ती असते,D2/71433/IISc_RESPIN_mr_D2_71433_422009_F_BANK_715768_70793980.wav
IISc_RESPIN_mr_D2_71424_422004_F_AGRI_715851_70801306,D2,Agriculture,FEMALE,16.67,0.0,0.0,66.67,9,0,0,0,55,0,"कच्चे, केळे, खूपच, विक्रीला, यायला, लागले",WED: (0S+0D+0I)/9=0.0% | CED: 0/55=0.0% | OOV: 6/9=66.67% => 0.45*0.0 + 0.30*0.0 + 0.25*66.67 = 16.67,बाजारात आजकाल कच्चे केळे खूपच विक्रीला यायला लागले आहेत,बाजारात आजकाल कच्चे केळे खूपच विक्रीला यायला लागले आहेत,D2/71424/IISc_RESPIN_mr_D2_71424_422004_F_AGRI_715851_70801306.wav
IISc_RESPIN_mr_D2_71433_422009_F_AGRI_716113_70808419,D2,Agriculture,FEMALE,16.67,0.0,0.0,66.67,12,0,0,0,83,0,"वनातील, देखरेख, टिकाऊ, रोपांवर, आधारित, पर्यावरणीय, वनीकरण, प्रणाली",WED: (0S+0D+0I)/12=0.0% | CED: 0/83=0.0% | OOV: 8/12=66.67% => 0.45*0.0 + 0.30*0.0 + 0.25*66.67 = 16.67,"वनातील बागकाम कमी देखरेख , टिकाऊ रोपांवर आधारित उत्पादन पर्यावरणीय वनीकरण प्रणाली आहे","वनातील बागकाम कमी देखरेख, टिकाऊ रोपांवर आधारित उत्पादन पर्यावरणीय वनीकरण प्रणाली आहे.",D2/71433/IISc_RESPIN_mr_D2_71433_422009_F_AGRI_716113_70808419.wav
IISc_RESPIN_mr_D2_71062_421004_F_BANK_716564_70889391,D2,Banking,FEMALE,16.67,0.0,0.0,66.67,9,0,0,0,52,0,"हॉटेल्सना, डिजिटल, मनी, घेण्याची, सोय, सुरु",WED: (0S+0D+0I)/9=0.0% | CED: 0/52=0.0% | OOV: 6/9=66.67% => 0.45*0.0 + 0.30*0.0 + 0.25*66.67 = 16.67,सर्व हॉटेल्सना डिजिटल मनी घेण्याची सोय सुरु केली आहे,सर्व हॉटेल्सना डिजिटल मनी घेण्याची सोय सुरु केली आहे,D2/71062/IISc_RESPIN_mr_D2_71062_421004_F_BANK_716564_70889391.wav
IISc_RESPIN_mr_D2_72312_441102_M_AGRI_715070_71148527,D2,Agriculture,MALE,16.67,0.0,0.0,66.67,9,0,0,0,51,0,"बांगलादेश, जगातील, सर्वात, ताग, उत्पादक, देश",WED: (0S+0D+0I)/9=0.0% | CED: 0/51=0.0% | OOV: 6/9=66.67% => 0.45*0.0 + 0.30*0.0 + 0.25*66.67 = 16.67,बांगलादेश हा जगातील सर्वात मोठा ताग उत्पादक देश आहे,बांगलादेश हा जगातील सर्वात मोठा ताग उत्पादक देश आहे,D2/72312/IISc_RESPIN_mr_D2_72312_441102_M_AGRI_715070_71148527.wav
IISc_RESPIN_mr_D2_71025_441304_M_AGRI_715909_71153969,D2,Agriculture,MALE,16.67,0.0,0.0,66.67,12,0,0,0,74,0,"भारतामध्ये, डेअरी, उत्पादकांचा, दही, ताक, लोणी, रूपात, होता",WED: (0S+0D+0I)/12=0.0% | CED: 0/74=0.0% | OOV: 8/12=66.67% => 0.45*0.0 + 0.30*0.0 + 0.25*66.67 = 16.67,"भारतामध्ये डेअरी उत्पादकांचा वापर दूध , दही , ताक , लोणी यांच्या रूपात केला होता","भारतामध्ये डेअरी उत्पादकांचा वापर दूध, दही, ताक, लोणी यांच्या रूपात केला होता.",D2/71025/IISc_RESPIN_mr_D2_71025_441304_M_AGRI_715909_71153969.wav
IISc_RESPIN_mr_D2_72424_422004_M_BANK_717040_71216426,D2,Banking,MALE,16.67,0.0,0.0,66.67,9,0,0,0,62,0,"प्रकल्पावर, आधारित, उद्योग, सहसा, व्यवसायाशी, असतात",WED: (0S+0D+0I)/9=0.0% | CED: 0/62=0.0% | OOV: 6/9=66.67% => 0.45*0.0 + 0.30*0.0 + 0.25*66.67 = 16.67,प्रकल्पावर आधारित उद्योग हे सहसा लहान व्यवसायाशी संबंधित असतात,प्रकल्पावर आधारित उद्योग हे सहसा लहान व्यवसायाशी संबंधित असतात,D2/72424/IISc_RESPIN_mr_D2_72424_422004_M_BANK_717040_71216426.wav
IISc_RESPIN_mr_D2_70970_422003_F_BANK_718056_71229097,D2,Banking,FEMALE,16.67,0.0,0.0,66.67,9,0,0,0,53,0,"हफ्ता, भरताना, झालेली, नुकसान, भरपाई, मिळवता",WED: (0S+0D+0I)/9=0.0% | CED: 0/53=0.0% | OOV: 6/9=66.67% => 0.45*0.0 + 0.30*0.0 + 0.25*66.67 = 16.67,विमा हफ्ता भरताना झालेली नुकसान भरपाई कशी मिळवता येईल ?,विमा हफ्ता भरताना झालेली नुकसान भरपाई कशी मिळवता येईल?,D2/70970/IISc_RESPIN_mr_D2_70970_422003_F_BANK_718056_71229097.wav
IISc_RESPIN_mr_D2_70436_431131_M_BANK_718540_71202258,D2,Banking,MALE,15.71,12.5,2.38,37.5,8,1,0,0,42,1,"मासिक, पाचशे, भरुन",WED: (1S+0D+0I)/8=12.5% | CED: 1/42=2.38% | OOV: 3/8=37.5% => 0.45*12.5 + 0.30*2.38 + 0.25*37.5 = 15.71,मासिक पाचशे रुपये भरुन किती कर्ज मिळू शकते ?,मासिक पाचशे रुपये भरून किती कर्ज मिळू शकते?,D2/70436/IISc_RESPIN_mr_D2_70436_431131_M_BANK_718540_71202258.wav
IISc_RESPIN_mr_D2_70423_422009_F_AGRI_715804_70449185,D2,Agriculture,FEMALE,15.62,0.0,0.0,62.5,8,0,0,0,44,0,"प्राचीन, भारताचे, लोक, पण, कापसाची",WED: (0S+0D+0I)/8=0.0% | CED: 0/44=0.0% | OOV: 5/8=62.5% => 0.45*0.0 + 0.30*0.0 + 0.25*62.5 = 15.62,प्राचीन भारताचे लोक पण कापसाची शेती करत होते,प्राचीन भारताचे लोक पण कापसाची शेती करत होते,D2/70423/IISc_RESPIN_mr_D2_70423_422009_F_AGRI_715804_70449185.wav
IISc_RESPIN_mr_D2_71310_422006_F_AGRI_717435_70785083,D2,Agriculture,FEMALE,15.62,0.0,0.0,62.5,8,0,0,0,41,0,"शेतीचा, माल, विकण्यासाठी, ॲप, बनवू",WED: (0S+0D+0I)/8=0.0% | CED: 0/41=0.0% | OOV: 5/8=62.5% => 0.45*0.0 + 0.30*0.0 + 0.25*62.5 = 15.62,शेतीचा माल विकण्यासाठी मी ॲप बनवू शकतो का ?,शेतीचा माल विकण्यासाठी मी ॲप बनवू शकतो का?,D2/71310/IISc_RESPIN_mr_D2_71310_422006_F_AGRI_717435_70785083.wav
IISc_RESPIN_mr_D2_71439_422004_F_AGRI_717825_70808884,D2,Agriculture,FEMALE,15.62,0.0,0.0,62.5,8,0,0,0,65,0,"उन्हाळ्याच्या, शेवटी, पावसाळ्याच्या, सुरुवातीला, घ्यावीत",WED: (0S+0D+0I)/8=0.0% | CED: 0/65=0.0% | OOV: 5/8=62.5% => 0.45*0.0 + 0.30*0.0 + 0.25*62.5 = 15.62,उन्हाळ्याच्या शेवटी व पावसाळ्याच्या सुरुवातीला कोणती पिके घ्यावीत ?,उन्हाळ्याच्या शेवटी व पावसाळ्याच्या सुरुवातीला कोणती पिके घ्यावीत?,D2/71439/IISc_RESPIN_mr_D2_71439_422004_F_AGRI_717825_70808884.wav
IISc_RESPIN_mr_D2_70436_431131_M_BANK_717059_71156645,D2,Banking,MALE,15.62,0.0,0.0,62.5,8,0,0,0,51,0,"विद्यार्थी, ऑन, कॅम्पस, रूमसाठी, सवलतीचे",WED: (0S+0D+0I)/8=0.0% | CED: 0/51=0.0% | OOV: 5/8=62.5% => 0.45*0.0 + 0.30*0.0 + 0.25*62.5 = 15.62,विद्यार्थी ऑन कॅम्पस रूमसाठी सवलतीचे कर्ज घेऊ शकतात,विद्यार्थी ऑन कॅम्पस रूमसाठी सवलतीचे कर्ज घेऊ शकतात,D2/70436/IISc_RESPIN_mr_D2_70436_431131_M_BANK_717059_71156645.wav
IISc_RESPIN_mr_D2_72799_422004_M_BANK_717177_71265867,D2,Banking,MALE,15.62,0.0,0.0,62.5,8,0,0,0,46,0,"बँकर्स, बँका, फक्त, समुदाय, बँकांना",WED: (0S+0D+0I)/8=0.0% | CED: 0/46=0.0% | OOV: 5/8=62.5% => 0.45*0.0 + 0.30*0.0 + 0.25*62.5 = 15.62,बँकर्स बँका फक्त समुदाय बँकांना सेवा देऊ शकतात,बँकर्स बँका फक्त समुदाय बँकांना सेवा देऊ शकतात,D2/72799/IISc_RESPIN_mr_D2_72799_422004_M_BANK_717177_71265867.wav
IISc_RESPIN_mr_D2_70423_422009_F_BANK_718214_70449433,D2,Banking,FEMALE,15.0,0.0,0.0,60.0,5,0,0,0,30,0,"गुंतवणूकीचे, मुख्य, कारण",WED: (0S+0D+0I)/5=0.0% | CED: 0/30=0.0% | OOV: 3/5=60.0% => 0.45*0.0 + 0.30*0.0 + 0.25*60.0 = 15.0,गुंतवणूकीचे मुख्य कारण काय आहे ?,गुंतवणूकीचे मुख्य कारण काय आहे?,D2/70423/IISc_RESPIN_mr_D2_70423_422009_F_BANK_718214_70449433.wav
IISc_RESPIN_mr_D2_70339_422101_M_AGRI_717572_70508808,D2,Agriculture,MALE,15.0,0.0,0.0,60.0,5,0,0,0,33,0,"आवळे, काढण्यासाठी, सोपी",WED: (0S+0D+0I)/5=0.0% | CED: 0/33=0.0% | OOV: 3/5=60.0% => 0.45*0.0 + 0.30*0.0 + 0.25*60.0 = 15.0,आवळे काढण्यासाठी सोपी पद्धत कोणती ?,आवळे काढण्यासाठी सोपी पद्धत कोणती?,D2/70339/IISc_RESPIN_mr_D2_70339_422101_M_AGRI_717572_70508808.wav
IISc_RESPIN_mr_D2_70339_422101_M_BANK_718031_70508850,D2,Banking,MALE,15.0,0.0,0.0,60.0,10,0,0,0,52,0,"कर्जाचे, तीन, हफ्ते, थकले, पुढे, एकत्र",WED: (0S+0D+0I)/10=0.0% | CED: 0/52=0.0% | OOV: 6/10=60.0% => 0.45*0.0 + 0.30*0.0 + 0.25*60.0 = 15.0,कर्जाचे तीन हफ्ते थकले आहेत पुढे एकत्र भरता येतील का ?,कर्जाचे तीन हफ्ते थकले आहेत पुढे एकत्र भरता येतील का?,D2/70339/IISc_RESPIN_mr_D2_70339_422101_M_BANK_718031_70508850.wav
IISc_RESPIN_mr_D2_71310_422006_F_BANK_718048_70785782,D2,Banking,FEMALE,15.0,0.0,0.0,60.0,10,0,0,0,67,0,"डिपॉझिटची, मॅच्युरिटी, आपोआप, खात्यावर, जमा, होईल",WED: (0S+0D+0I)/10=0.0% | CED: 0/67=0.0% | OOV: 6/10=60.0% => 0.45*0.0 + 0.30*0.0 + 0.25*60.0 = 15.0,माझ्या डिपॉझिटची मॅच्युरिटी रक्कम आपोआप माझ्या खात्यावर जमा होईल का ?,माझ्या डिपॉझिटची मॅच्युरिटी रक्कम आपोआप माझ्या खात्यावर जमा होईल का?,D2/71310/IISc_RESPIN_mr_D2_71310_422006_F_BANK_718048_70785782.wav
IISc_RESPIN_mr_D2_70987_422004_F_AGRI_714815_71038593,D2,Agriculture,FEMALE,15.0,0.0,0.0,60.0,10,0,0,0,73,0,"अमेरिकन, फाऊलब्रूड, युरोपियन, फाऊलब्रूड, मधमाशांचे, जिवाणूजन्य",WED: (0S+0D+0I)/10=0.0% | CED: 0/73=0.0% | OOV: 6/10=60.0% => 0.45*0.0 + 0.30*0.0 + 0.25*60.0 = 15.0,अमेरिकन फाऊलब्रूड आणि युरोपियन फाऊलब्रूड हे मधमाशांचे जिवाणूजन्य रोग आहेत,अमेरिकन फाऊलब्रूड आणि युरोपियन फाऊलब्रूड हे मधमाशांचे जिवाणूजन्य रोग आहेत,D2/70987/IISc_RESPIN_mr_D2_70987_422004_F_AGRI_714815_71038593.wav
IISc_RESPIN_mr_D2_72304_410506_M_BANK_718217_71078923,D2,Banking,MALE,15.0,0.0,0.0,60.0,5,0,0,0,40,0,"पेमेंटसाठी, वापरल्या, जातात",WED: (0S+0D+0I)/5=0.0% | CED: 0/40=0.0% | OOV: 3/5=60.0% => 0.45*0.0 + 0.30*0.0 + 0.25*60.0 = 15.0,पेमेंटसाठी कोणत्या पद्धती वापरल्या जातात ?,पेमेंटसाठी कोणत्या पद्धती वापरल्या जातात?,D2/72304/IISc_RESPIN_mr_D2_72304_410506_M_BANK_718217_71078923.wav
IISc_RESPIN_mr_D2_70436_431131_M_AGRI_717722_71213525,D2,Agriculture,MALE,14.63,8.33,1.54,41.67,12,1,0,0,65,1,"पद्धतीचा, अतिवापर, जमिनीची, सुपिकता, ना",WED: (1S+0D+0I)/12=8.33% | CED: 1/65=1.54% | OOV: 5/12=41.67% => 0.45*8.33 + 0.30*1.54 + 0.25*41.67 = 14.63,सिंचन पद्धतीचा अतिवापर केला तर जमिनीची सुपिकता कमी तर होत नाही ना ?,सिंचन पद्धतीचा अतिवापर केला तर जमिनीची सुपिकता कमी तर होत नाही का?,D2/70436/IISc_RESPIN_mr_D2_70436_431131_M_AGRI_717722_71213525.wav
IISc_RESPIN_mr_D2_71680_422009_F_AGRI_716726_71013626,D2,Agriculture,FEMALE,14.58,0.0,0.0,58.33,12,0,0,0,68,0,"उद्या, बाहेर, जाऊ, शकणार, मेंढ्यांची, लोकर, काढायची",WED: (0S+0D+0I)/12=0.0% | CED: 0/68=0.0% | OOV: 7/12=58.33% => 0.45*0.0 + 0.30*0.0 + 0.25*58.33 = 14.58,मी उद्या बाहेर जाऊ शकणार नाही मला माझ्या मेंढ्यांची लोकर काढायची आहे,मी उद्या बाहेर जाऊ शकणार नाही मला माझ्या मेंढ्यांची लोकर काढायची आहे,D2/71680/IISc_RESPIN_mr_D2_71680_422009_F_AGRI_716726_71013626.wav
IISc_RESPIN_mr_D2_72455_NA_M_BANK_718263_71277426,D2,Banking,MALE,14.58,0.0,0.0,58.33,12,0,0,0,69,0,"हफ्ता, थकीत, असल्याने, पुढे, एकत्रित, भरल्यास, त्यावर",WED: (0S+0D+0I)/12=0.0% | CED: 0/69=0.0% | OOV: 7/12=58.33% => 0.45*0.0 + 0.30*0.0 + 0.25*58.33 = 14.58,माझा कर्ज हफ्ता थकीत असल्याने पुढे एकत्रित भरल्यास त्यावर दंड बसेल का ?,माझा कर्ज हफ्ता थकीत असल्याने पुढे एकत्रित भरल्यास त्यावर दंड बसेल का?,D2/72455/IISc_RESPIN_mr_D2_72455_NA_M_BANK_718263_71277426.wav
IISc_RESPIN_mr_D2_71310_422006_F_BANK_716568_70778999,D2,Banking,FEMALE,14.29,0.0,0.0,57.14,7,0,0,0,40,0,"संघीय, आयकर, वेतनातून, कापला",WED: (0S+0D+0I)/7=0.0% | CED: 0/40=0.0% | OOV: 4/7=57.14% => 0.45*0.0 + 0.30*0.0 + 0.25*57.14 = 14.29,संघीय आयकर हा आपल्या वेतनातून कापला जातो,संघीय आयकर हा आपल्या वेतनातून कापला जातो,D2/71310/IISc_RESPIN_mr_D2_71310_422006_F_BANK_716568_70778999.wav
IISc_RESPIN_mr_D2_72312_441102_M_AGRI_715243_71157160,D2,Agriculture,MALE,14.29,0.0,0.0,57.14,7,0,0,0,52,0,"हायड्रोपोनिक्स, घेण्याची, बागायती, शेतीत",WED: (0S+0D+0I)/7=0.0% | CED: 0/52=0.0% | OOV: 4/7=57.14% => 0.45*0.0 + 0.30*0.0 + 0.25*57.14 = 14.29,हायड्रोपोनिक्स पीक घेण्याची पद्धत बागायती शेतीत येते,हायड्रोपोनिक्स पीक घेण्याची पद्धत बागायती शेतीत येते,D2/72312/IISc_RESPIN_mr_D2_72312_441102_M_AGRI_715243_71157160.wav
